#
# There is insufficient memory for the Java Runtime Environment to continue.
# Native memory allocation (mmap) failed to map 65536 bytes. Error detail: Failed to commit metaspace.
# Possible reasons:
#   The system is out of physical RAM or swap space
#   This process is running with CompressedOops enabled, and the Java Heap may be blocking the growth of the native heap
# Possible solutions:
#   Reduce memory load on the system
#   Increase physical memory or swap space
#   Check if swap backing store is full
#   Decrease Java heap size (-Xmx/-Xms)
#   Decrease number of Java threads
#   Decrease Java thread stack sizes (-Xss)
#   Set larger code cache with -XX:ReservedCodeCacheSize=
#   JVM is running with Unscaled Compressed Oops mode in which the Java heap is
#     placed in the first 4GB address space. The Java Heap base address is the
#     maximum limit for the native heap growth. Please use -XX:HeapBaseMinAddress
#     to set the Java Heap base and to place the Java Heap above 4GB virtual address.
# This output file may be truncated or incomplete.
#
#  Out of Memory Error (virtualSpaceNode.cpp:112), pid=11188, tid=10200
#
# JRE version: Java(TM) SE Runtime Environment (22.0.2+9) (build 22.0.2+9-70)
# Java VM: Java HotSpot(TM) 64-Bit Server VM (22.0.2+9-70, mixed mode, emulated-client, sharing, tiered, compressed oops, compressed class ptrs, g1 gc, windows-amd64)
# No core dump will be written. Minidumps are not enabled by default on client versions of Windows
#

---------------  S U M M A R Y ------------

Command Line: -XX:TieredStopAtLevel=1 -Dspring.output.ansi.enabled=always -Dcom.sun.management.jmxremote -Dspring.jmx.enabled=true -Dspring.liveBeansView.mbeanDomain -Dspring.application.admin.enabled=true -Dmanagement.endpoints.jmx.exposure.include=* -javaagent:F:\IntellijU\IntelliJ IDEA 2025.1.3\lib\idea_rt.jar=50896 -Dfile.encoding=UTF-8 -Dsun.stdout.encoding=UTF-8 -Dsun.stderr.encoding=UTF-8 com.onesolutions.dsd.DsdApplication

Host: Intel(R) Core(TM) i5-5200U CPU @ 2.20GHz, 4 cores, 7G,  Windows 10 , 64 bit Build 19041 (10.0.19041.5915)
Time: Sat Mar 21 13:04:07 2026 India Standard Time elapsed time: 5.454863 seconds (0d 0h 0m 5s)

---------------  T H R E A D  ---------------

Current thread (0x000001e3c5b18ef0):  JavaThread "restartedMain"        [_thread_in_vm, id=10200, stack(0x000000b31dd00000,0x000000b31de00000) (1024K)]

Stack: [0x000000b31dd00000,0x000000b31de00000]
Native frames: (J=compiled Java code, j=interpreted, Vv=VM code, C=native code)
V  [jvm.dll+0x6e26e9]  (no source info available)
V  [jvm.dll+0x875753]  (no source info available)
V  [jvm.dll+0x877b7e]  (no source info available)
V  [jvm.dll+0x878253]  (no source info available)
V  [jvm.dll+0x27fc86]  (no source info available)
V  [jvm.dll+0x87139e]  (no source info available)
V  [jvm.dll+0x685755]  (no source info available)
V  [jvm.dll+0x1e3cdc]  (no source info available)
V  [jvm.dll+0x1e3aae]  (no source info available)
V  [jvm.dll+0x6880a8]  (no source info available)
V  [jvm.dll+0x224f6c]  (no source info available)
V  [jvm.dll+0x68616e]  (no source info available)
V  [jvm.dll+0x26b056]  (no source info available)
V  [jvm.dll+0x215bb7]  (no source info available)
V  [jvm.dll+0x20b3ae]  (no source info available)
V  [jvm.dll+0x5c4a8f]  (no source info available)
V  [jvm.dll+0x7ec9bd]  (no source info available)
V  [jvm.dll+0x47d622]  (no source info available)
V  [jvm.dll+0x490c06]  (no source info available)
C  [java.dll+0x164f]  (no source info available)

Java frames: (J=compiled Java code, j=interpreted, Vv=VM code)
J 1996  java.lang.ClassLoader.defineClass0(Ljava/lang/ClassLoader;Ljava/lang/Class;Ljava/lang/String;[BIILjava/security/ProtectionDomain;ZILjava/lang/Object;)Ljava/lang/Class; java.base@22.0.2 (0 bytes) @ 0x000001e3f3315b1c [0x000001e3f3315a20+0x00000000000000fc]
J 1995 c1 java.lang.System$2.defineClass(Ljava/lang/ClassLoader;Ljava/lang/Class;Ljava/lang/String;[BLjava/security/ProtectionDomain;ZILjava/lang/Object;)Ljava/lang/Class; java.base@22.0.2 (21 bytes) @ 0x000001e3f331571c [0x000001e3f33156a0+0x000000000000007c]
J 1994 c1 java.lang.invoke.MethodHandles$Lookup$ClassDefiner.defineClass(ZLjava/lang/Object;)Ljava/lang/Class; java.base@22.0.2 (213 bytes) @ 0x000001e3f331b9ec [0x000001e3f331b800+0x00000000000001ec]
J 2496 c1 java.lang.invoke.InvokerBytecodeGenerator.loadMethod([B)Ljava/lang/invoke/MemberName; java.base@22.0.2 (39 bytes) @ 0x000001e3f33cff44 [0x000001e3f33cfde0+0x0000000000000164]
J 1770 c1 java.lang.invoke.LambdaForm.compileToBytecode()V java.base@22.0.2 (164 bytes) @ 0x000001e3f32ba61c [0x000001e3f32ba480+0x000000000000019c]
j  java.lang.invoke.DirectMethodHandle.makePreparedLambdaForm(Ljava/lang/invoke/MethodType;I)Ljava/lang/invoke/LambdaForm;+750 java.base@22.0.2
J 1096 c1 java.lang.invoke.DirectMethodHandle.preparedLambdaForm(Ljava/lang/invoke/MemberName;Z)Ljava/lang/invoke/LambdaForm; java.base@22.0.2 (244 bytes) @ 0x000001e3f3197784 [0x000001e3f31974e0+0x00000000000002a4]
J 1298 c1 java.lang.invoke.DirectMethodHandle.make(BLjava/lang/Class;Ljava/lang/invoke/MemberName;Ljava/lang/Class;)Ljava/lang/invoke/DirectMethodHandle; java.base@22.0.2 (275 bytes) @ 0x000001e3f31e4b6c [0x000001e3f31e4520+0x000000000000064c]
J 1627 c1 java.lang.invoke.MethodHandles$Lookup.getDirectMethodCommon(BLjava/lang/Class;Ljava/lang/invoke/MemberName;ZZLjava/lang/invoke/MethodHandles$Lookup;)Ljava/lang/invoke/MethodHandle; java.base@22.0.2 (300 bytes) @ 0x000001e3f327c914 [0x000001e3f327c4c0+0x0000000000000454]
J 1889 c1 java.lang.invoke.MethodHandles$Lookup.getDirectMethodForConstant(BLjava/lang/Class;Ljava/lang/invoke/MemberName;)Ljava/lang/invoke/MethodHandle; java.base@22.0.2 (72 bytes) @ 0x000001e3f32ee71c [0x000001e3f32ee400+0x000000000000031c]
J 1502 c1 java.lang.invoke.MethodHandles$Lookup.linkMethodHandleConstant(BLjava/lang/Class;Ljava/lang/String;Ljava/lang/Object;)Ljava/lang/invoke/MethodHandle; java.base@22.0.2 (227 bytes) @ 0x000001e3f323b20c [0x000001e3f323ac20+0x00000000000005ec]
J 1501 c1 java.lang.invoke.MethodHandleNatives.linkMethodHandleConstant(Ljava/lang/Class;ILjava/lang/Class;Ljava/lang/String;Ljava/lang/Object;)Ljava/lang/invoke/MethodHandle; java.base@22.0.2 (50 bytes) @ 0x000001e3f3239c34 [0x000001e3f3239bc0+0x0000000000000074]
v  ~StubRoutines::call_stub 0x000001e3f2dd100d
j  org.springframework.core.io.support.PathMatchingResourcePatternResolver.doFindPathMatchingFileResources(Lorg/springframework/core/io/Resource;Ljava/lang/String;)Ljava/util/Set;+368
j  org.springframework.web.context.support.ServletContextResourcePatternResolver.doFindPathMatchingFileResources(Lorg/springframework/core/io/Resource;Ljava/lang/String;)Ljava/util/Set;+61
j  org.springframework.core.io.support.PathMatchingResourcePatternResolver.findPathMatchingResources(Ljava/lang/String;)[Lorg/springframework/core/io/Resource;+673
j  org.springframework.core.io.support.PathMatchingResourcePatternResolver.getResources(Ljava/lang/String;)[Lorg/springframework/core/io/Resource;+47
j  org.springframework.boot.devtools.restart.ClassLoaderFilesResourcePatternResolver.getResources(Ljava/lang/String;)[Lorg/springframework/core/io/Resource;+13
j  org.springframework.context.support.GenericApplicationContext.getResources(Ljava/lang/String;)[Lorg/springframework/core/io/Resource;+19
j  org.springframework.context.annotation.ClassPathScanningCandidateComponentProvider.scanCandidateComponents(Ljava/lang/String;)Ljava/util/Set;+28
j  org.springframework.context.annotation.ClassPathScanningCandidateComponentProvider.findCandidateComponents(Ljava/lang/String;)Ljava/util/Set;+52
j  org.springframework.context.annotation.ClassPathBeanDefinitionScanner.doScan([Ljava/lang/String;)Ljava/util/Set;+39
j  org.springframework.context.annotation.ComponentScanAnnotationParser.parse(Lorg/springframework/core/annotation/AnnotationAttributes;Ljava/lang/String;)Ljava/util/Set;+508
j  org.springframework.context.annotation.ConfigurationClassParser.doProcessConfigurationClass(Lorg/springframework/context/annotation/ConfigurationClass;Lorg/springframework/context/annotation/ConfigurationClassParser$SourceClass;Ljava/util/function/Predicate;)Lorg/springframework/context/annotation/ConfigurationClassParser$SourceClass;+271
j  org.springframework.context.annotation.ConfigurationClassParser.processConfigurationClass(Lorg/springframework/context/annotation/ConfigurationClass;Ljava/util/function/Predicate;)V+144
j  org.springframework.context.annotation.ConfigurationClassParser.parse(Lorg/springframework/beans/factory/annotation/AnnotatedBeanDefinition;Ljava/lang/String;)Lorg/springframework/context/annotation/ConfigurationClass;+24
j  org.springframework.context.annotation.ConfigurationClassParser.parse(Ljava/util/Set;)V+54
j  org.springframework.context.annotation.ConfigurationClassPostProcessor.processConfigBeanDefinitions(Lorg/springframework/beans/factory/support/BeanDefinitionRegistry;)V+348
j  org.springframework.context.annotation.ConfigurationClassPostProcessor.postProcessBeanDefinitionRegistry(Lorg/springframework/beans/factory/support/BeanDefinitionRegistry;)V+87
j  org.springframework.context.support.PostProcessorRegistrationDelegate.invokeBeanDefinitionRegistryPostProcessors(Ljava/util/Collection;Lorg/springframework/beans/factory/support/BeanDefinitionRegistry;Lorg/springframework/core/metrics/ApplicationStartup;)V+59
j  org.springframework.context.support.PostProcessorRegistrationDelegate.invokeBeanFactoryPostProcessors(Lorg/springframework/beans/factory/config/ConfigurableListableBeanFactory;Ljava/util/List;)V+238
j  org.springframework.context.support.AbstractApplicationContext.invokeBeanFactoryPostProcessors(Lorg/springframework/beans/factory/config/ConfigurableListableBeanFactory;)V+5
j  org.springframework.context.support.AbstractApplicationContext.refresh()V+62
j  org.springframework.boot.web.server.servlet.context.ServletWebServerApplicationContext.refresh()V+1
j  org.springframework.boot.SpringApplication.refresh(Lorg/springframework/context/ConfigurableApplicationContext;)V+1
j  org.springframework.boot.SpringApplication.refreshContext(Lorg/springframework/context/ConfigurableApplicationContext;)V+19
j  org.springframework.boot.SpringApplication.run([Ljava/lang/String;)Lorg/springframework/context/ConfigurableApplicationContext;+113
j  org.springframework.boot.SpringApplication.run([Ljava/lang/Class;[Ljava/lang/String;)Lorg/springframework/context/ConfigurableApplicationContext;+9
j  org.springframework.boot.SpringApplication.run(Ljava/lang/Class;[Ljava/lang/String;)Lorg/springframework/context/ConfigurableApplicationContext;+9
j  com.onesolutions.dsd.DsdApplication.main([Ljava/lang/String;)V+3
j  java.lang.invoke.LambdaForm$DMH+0x000001e381004400.invokeStatic(Ljava/lang/Object;Ljava/lang/Object;)V+10 java.base@22.0.2
j  java.lang.invoke.LambdaForm$MH+0x000001e381135000.invoke(Ljava/lang/Object;Ljava/lang/Object;Ljava/lang/Object;)Ljava/lang/Object;+33 java.base@22.0.2
j  java.lang.invoke.Invokers$Holder.invokeExact_MT(Ljava/lang/Object;Ljava/lang/Object;Ljava/lang/Object;Ljava/lang/Object;)Ljava/lang/Object;+20 java.base@22.0.2
j  jdk.internal.reflect.DirectMethodHandleAccessor.invokeImpl(Ljava/lang/Object;[Ljava/lang/Object;)Ljava/lang/Object;+55 java.base@22.0.2
j  jdk.internal.reflect.DirectMethodHandleAccessor.invoke(Ljava/lang/Object;[Ljava/lang/Object;)Ljava/lang/Object;+23 java.base@22.0.2
j  java.lang.reflect.Method.invoke(Ljava/lang/Object;[Ljava/lang/Object;)Ljava/lang/Object;+102 java.base@22.0.2
j  org.springframework.boot.devtools.restart.RestartLauncher.run()V+47
v  ~StubRoutines::call_stub 0x000001e3f2dd100d

Compiled method (n/a) 5549 1996     n 0       java.lang.ClassLoader::defineClass0 (native)
 total in heap  [0x000001e3f3315890,0x000001e3f3315f00] = 1648
 relocation     [0x000001e3f33159e8,0x000001e3f3315a20] = 56
 main code      [0x000001e3f3315a20,0x000001e3f3315efa] = 1242
 stub code      [0x000001e3f3315efa,0x000001e3f3315f00] = 6

[Constant Pool (empty)]

[MachCode]
[Entry Point]
  # {method} {0x000001e3803fec38} 'defineClass0' '(Ljava/lang/ClassLoader;Ljava/lang/Class;Ljava/lang/String;[BIILjava/security/ProtectionDomain;ZILjava/lang/Object;)Ljava/lang/Class;' in 'java/lang/ClassLoader'
  # parm0:    rdx:rdx   = 'java/lang/ClassLoader'
  # parm1:    r8:r8     = 'java/lang/Class'
  # parm2:    r9:r9     = 'java/lang/String'
  # parm3:    rdi:rdi   = '[B'
  # parm4:    rsi       = int
  # parm5:    rcx       = int
  # parm6:    [sp+0xb0]   = 'java/security/ProtectionDomain'  (sp of caller)
  # parm7:    [sp+0xb8]   = boolean
  # parm8:    [sp+0xc0]   = int
  # parm9:    [sp+0xc8]   = 'java/lang/Object'
  0x000001e3f3315a20: 448b 5208 | 49bb 0000 | 0080 e301 | 0000 4d03 | d349 3bc2 | 0f84 0600 

  0x000001e3f3315a38: ;   {runtime_call ic_miss_stub}
  0x000001e3f3315a38: 0000 e941 | 8db0 ff90 
[Verified Entry Point]
  0x000001e3f3315a40: 8984 2400 | 80ff ff55 | 488b ec48 | 81ec a000 | 0000 6690 | 4181 7f20 | 0100 0000 

  0x000001e3f3315a5c: ;   {runtime_call StubRoutines (final stubs)}
  0x000001e3f3315a5c: 7405 e87d | f2ae ff48 | 837d 2800 | 488d 4528 | 480f 4445 | 2848 8944 | 2458 4863 | 4520 4889 
  0x000001e3f3315a7c: 4424 5048 | 6345 1848 | 8944 2448 | 4883 7d10 | 0048 8d45 | 1048 0f44 | 4510 4889 | 4424 4048 
  0x000001e3f3315a9c: 894c 2438 | 4889 7424 | 3048 897c | 2478 4883 | ff00 488d | 4424 7848 | 0f44 4424 | 7848 8944 
  0x000001e3f3315abc: 2428 4c89 | 4c24 7049 | 83f9 0048 | 8d44 2470 | 480f 4444 | 2470 4889 | 4424 204c | 8944 2468 
  0x000001e3f3315adc: 4983 f800 | 4c8d 4c24 | 684c 0f44 | 4c24 6848 | 8954 2460 | 4883 fa00 | 4c8d 4424 | 604c 0f44 
  0x000001e3f3315afc: ;   {oop(a 'java/lang/Class'{0x0000000081f6b348} = 'java/lang/ClassLoader')}
  0x000001e3f3315afc: 4424 6049 | be48 b3f6 | 8100 0000 | 004c 89b4 | 2490 0000 | 004c 8db4 | 2490 0000 | 0049 8bd6 
  0x000001e3f3315b1c: ;   {internal_word}
  0x000001e3f3315b1c: c5f8 7749 | ba1c 5b31 | f3e3 0100 | 004d 8997 | a803 0000 | 4989 a7a0 

  0x000001e3f3315b34: ;   {external_word}
  0x000001e3f3315b34: 0300 0049 | ba6c 4087 | e1fe 7f00 | 0041 803a | 000f 844e | 0000 0052 | 4150 4151 

  0x000001e3f3315b50: ;   {metadata({method} {0x000001e3803fec38} 'defineClass0' '(Ljava/lang/ClassLoader;Ljava/lang/Class;Ljava/lang/String;[BIILjava/security/ProtectionDomain;ZILjava/lang/Object;)Ljava/lang/Class;' in 'java/lang/ClassLoader')}
  0x000001e3f3315b50: 48ba 30ec | 3f80 e301 | 0000 498b | cf48 83ec | 2040 f6c4 | 0f0f 8419 | 0000 0048 

  0x000001e3f3315b6c: ;   {runtime_call}
  0x000001e3f3315b6c: 83ec 0848 | b880 b937 | e1fe 7f00 | 00ff d048 | 83c4 08e9 | 0c00 0000 

  0x000001e3f3315b84: ;   {runtime_call}
  0x000001e3f3315b84: 48b8 80b9 | 37e1 fe7f | 0000 ffd0 | 4883 c420 | 4159 4158 | 5a49 8d8f | c003 0000 | 41c7 8754 
  0x000001e3f3315ba4: 0400 0004 

  0x000001e3f3315ba8: ;   {runtime_call}
  0x000001e3f3315ba8: 0000 0048 | b814 1563 | f9fe 7f00 | 00ff d0c5 | f877 41c7 | 8754 0400 | 0005 0000 | 00f0 8344 
  0x000001e3f3315bc8: 24c0 0049 | 3baf 5804 | 0000 0f87 | 0e00 0000 | 4183 bf50 | 0400 0000 | 0f84 2b00 | 0000 c5f8 
  0x000001e3f3315be8: 7748 8945 | f849 8bcf | 4c8b e448 | 83ec 2048 

  0x000001e3f3315bf8: ;   {runtime_call}
  0x000001e3f3315bf8: 83e4 f048 | b840 2302 | e1fe 7f00 | 00ff d049 | 8be4 4d33 | e448 8b45 | f841 c787 | 5404 0000 
  0x000001e3f3315c18: 0800 0000 | 4183 bfd0 | 0400 0002 | 0f84 a302 

  0x000001e3f3315c28: ;   {external_word}
  0x000001e3f3315c28: 0000 49ba | 6c40 87e1 | fe7f 0000 | 4180 3a00 | 0f84 4c00 | 0000 4889 

  0x000001e3f3315c40: ;   {metadata({method} {0x000001e3803fec38} 'defineClass0' '(Ljava/lang/ClassLoader;Ljava/lang/Class;Ljava/lang/String;[BIILjava/security/ProtectionDomain;ZILjava/lang/Object;)Ljava/lang/Class;' in 'java/lang/ClassLoader')}
  0x000001e3f3315c40: 45f8 48ba | 30ec 3f80 | e301 0000 | 498b cf48 | 83ec 2040 | f6c4 0f0f | 8419 0000 | 0048 83ec 
  0x000001e3f3315c60: ;   {runtime_call}
  0x000001e3f3315c60: 0848 b880 | b937 e1fe | 7f00 00ff | d048 83c4 | 08e9 0c00 

  0x000001e3f3315c74: ;   {runtime_call}
  0x000001e3f3315c74: 0000 48b8 | 80b9 37e1 | fe7f 0000 | ffd0 4883 | c420 488b | 45f8 49c7 | 87a0 0300 | 0000 0000 
  0x000001e3f3315c94: 0049 c787 | a803 0000 | 0000 0000 | c5f8 7748 | 85c0 0f84 | fe01 0000 | a803 0f85 | 0800 0000 
  0x000001e3f3315cb4: 488b 00e9 | ee01 0000 | a801 0f85 | 0900 0000 | 488b 40fe | e9dd 0100 | 0048 8b40 | ff41 807f 
  0x000001e3f3315cd4: 3800 0f84 | ce01 0000 | 4883 f800 | 0f84 c401 | 0000 498b | 4f28 4883 | f900 0f84 | 1400 0000 
  0x000001e3f3315cf4: 4883 e908 | 4989 4f28 | 4903 4f30 | 4889 01e9 | a201 0000 | 4881 ecd0 | 0000 0048 | 8904 2448 
  0x000001e3f3315d14: 894c 2408 | 4889 5424 | 1048 8974 | 2418 4889 | 7c24 204c | 8944 2428 | 4c89 4c24 | 304c 8954 
  0x000001e3f3315d34: 2438 4c89 | 5c24 40c5 | fb11 4424 | 50c5 fb11 | 4c24 58c5 | fb11 5424 | 60c5 fb11 | 5c24 68c5 
  0x000001e3f3315d54: fb11 6424 | 70c5 fb11 | 6c24 78c5 | fb11 b424 | 8000 0000 | c5fb 11bc | 2488 0000 | 00c5 7b11 
  0x000001e3f3315d74: ;   {no_reloc}
  0x000001e3f3315d74: 8424 9000 | 0000 c57b | 118c 2498 | 0000 00c5 | 7b11 9424 | a000 0000 | c57b 119c | 24a8 0000 
  0x000001e3f3315d94: 00c5 7b11 | a424 b000 | 0000 c57b | 11ac 24b8 | 0000 00c5 | 7b11 b424 | c000 0000 | c57b 11bc 
  0x000001e3f3315db4: 24c8 0000 | 0049 8bd7 | 488b c848 | 83ec 2040 | f6c4 0f0f | 8419 0000 | 0048 83ec 

  0x000001e3f3315dd0: ;   {runtime_call}
  0x000001e3f3315dd0: 0848 b830 | 3ff5 e0fe | 7f00 00ff | d048 83c4 | 08e9 0c00 

  0x000001e3f3315de4: ;   {runtime_call}
  0x000001e3f3315de4: 0000 48b8 | 303f f5e0 | fe7f 0000 | ffd0 4883 | c420 c57b | 10bc 24c8 | 0000 00c5 | 7b10 b424 
  0x000001e3f3315e04: c000 0000 | c57b 10ac | 24b8 0000 | 00c5 7b10 | a424 b000 | 0000 c57b | 109c 24a8 | 0000 00c5 
  0x000001e3f3315e24: 7b10 9424 | a000 0000 | c57b 108c | 2498 0000 | 00c5 7b10 | 8424 9000 | 0000 c5fb | 10bc 2488 
  0x000001e3f3315e44: 0000 00c5 | fb10 b424 | 8000 0000 | c5fb 106c | 2478 c5fb | 1064 2470 | c5fb 105c | 2468 c5fb 
  0x000001e3f3315e64: 1054 2460 | c5fb 104c | 2458 c5fb | 1044 2450 | 4c8b 5c24 | 404c 8b54 | 2438 4c8b | 4c24 304c 
  0x000001e3f3315e84: 8b44 2428 | 488b 7c24 | 2048 8b74 | 2418 488b | 5424 1048 | 8b4c 2408 | 488b 0424 | 4881 c4d0 
  0x000001e3f3315ea4: 0000 00c5 | f877 498b | 8f30 0400 | 00c7 8100 | 0100 0000 | 0000 00c9 | 4983 7f08 | 000f 8501 
  0x000001e3f3315ec4: 0000 00c3 

  0x000001e3f3315ec8: ;   {runtime_call StubRoutines (initial stubs)}
  0x000001e3f3315ec8: e933 b0ab | ffc5 f877 | 4889 45f8 | 4c8b e448 | 83ec 2048 

  0x000001e3f3315edc: ;   {runtime_call}
  0x000001e3f3315edc: 83e4 f048 | b8d0 f137 | e1fe 7f00 | 00ff d049 | 8be4 4d33 | e448 8b45 | f8e9 30fd | ffff f4f4 
  0x000001e3f3315efc: f4f4 f4f4 
[/MachCode]


Compiled method (c1) 5571 1995       1       java.lang.System$2::defineClass (21 bytes)
 total in heap  [0x000001e3f3315510,0x000001e3f3315840] = 816
 relocation     [0x000001e3f3315668,0x000001e3f33156a0] = 56
 main code      [0x000001e3f33156a0,0x000001e3f3315780] = 224
 stub code      [0x000001e3f3315780,0x000001e3f33157c0] = 64
 metadata       [0x000001e3f33157c0,0x000001e3f33157c8] = 8
 scopes data    [0x000001e3f33157c8,0x000001e3f33157e8] = 32
 scopes pcs     [0x000001e3f33157e8,0x000001e3f3315828] = 64
 dependencies   [0x000001e3f3315828,0x000001e3f3315830] = 8
 nul chk table  [0x000001e3f3315830,0x000001e3f3315840] = 16

[Constant Pool (empty)]

[MachCode]
[Entry Point]
  # {method} {0x000001e380019138} 'defineClass' '(Ljava/lang/ClassLoader;Ljava/lang/Class;Ljava/lang/String;[BLjava/security/ProtectionDomain;ZILjava/lang/Object;)Ljava/lang/Class;' in 'java/lang/System$2'
  # this:     rdx:rdx   = 'java/lang/System$2'
  # parm0:    r8:r8     = 'java/lang/ClassLoader'
  # parm1:    r9:r9     = 'java/lang/Class'
  # parm2:    rdi:rdi   = 'java/lang/String'
  # parm3:    rsi:rsi   = '[B'
  # parm4:    rcx:rcx   = 'java/security/ProtectionDomain'
  # parm5:    [sp+0x70]   = boolean  (sp of caller)
  # parm6:    [sp+0x78]   = int
  # parm7:    [sp+0x80]   = 'java/lang/Object'
  0x000001e3f33156a0: 448b 5208 | 49bb 0000 | 0080 e301 | 0000 4d03 | d34c 3bd0 

  0x000001e3f33156b4: ;   {runtime_call ic_miss_stub}
  0x000001e3f33156b4: 0f85 c690 | b0ff 660f | 1f44 0000 
[Verified Entry Point]
  0x000001e3f33156c0: 8984 2400 | 80ff ff55 | 4883 ec60 | 4181 7f20 | 0100 0000 

  0x000001e3f33156d4: ;   {runtime_call StubRoutines (final stubs)}
  0x000001e3f33156d4: 7405 e805 | f6ae ff48 | 8bd9 4c8b | ac24 8000 | 0000 448b | 5c24 788b | 4424 708b | 4e0c 498b 
  0x000001e3f33156f4: d04d 8bc1 | 4c8b cf48 | 8bfe be00 | 0000 0048 | 891c 2489 | 4424 0844 | 895c 2410 | 4c89 6c24 
  0x000001e3f3315714: ;   {static_call}
  0x000001e3f3315714: 1866 90e8 

  0x000001e3f3315718: ; ImmutableOopMap {}
                      ;*invokestatic defineClass0 {reexecute=0 rethrow=0 return_oop=0}
                      ; - java.lang.System$2::defineClass@17 (line 2402)
  0x000001e3f3315718: 2403 0000 

  0x000001e3f331571c: ;   {other}
  0x000001e3f331571c: 0f1f 8400 | 0c02 0000 | 4883 c460 

  0x000001e3f3315728: ;   {poll_return}
  0x000001e3f3315728: 5d49 3ba7 | 5804 0000 | 0f87 0600 

  0x000001e3f3315734: ;   {runtime_call throw_null_pointer_exception Runtime1 stub}
  0x000001e3f3315734: 0000 c3e8 

  0x000001e3f3315738: ; ImmutableOopMap {r8=Oop r9=Oop rdi=Oop rsi=Oop rbx=Oop r13=Oop [128]=Oop }
                      ;*arraylength {reexecute=0 rethrow=0 return_oop=0}
                      ; - java.lang.System$2::defineClass@8 (line 2402)
  0x000001e3f3315738: 44e1 bbff 

  0x000001e3f331573c: ;   {internal_word}
  0x000001e3f331573c: 49ba 2957 | 31f3 e301 | 0000 4d89 | 9770 0400 

  0x000001e3f331574c: ;   {runtime_call SafepointBlob}
  0x000001e3f331574c: 00e9 aeff | b0ff 498b | 8708 0500 | 0049 c787 | 0805 0000 | 0000 0000 | 49c7 8710 | 0500 0000 
  0x000001e3f331576c: 0000 0048 | 83c4 605d 

  0x000001e3f3315774: ;   {runtime_call unwind_exception Runtime1 stub}
  0x000001e3f3315774: e907 d2bb | fff4 f4f4 | f4f4 f4f4 
[Stub Code]
  0x000001e3f3315780: ;   {no_reloc}
  0x000001e3f3315780: 48bb 0000 | 0000 0000 

  0x000001e3f3315788: ;   {runtime_call}
  0x000001e3f3315788: 0000 e9fb 

  0x000001e3f331578c: ;   {runtime_call handle_exception_from_callee Runtime1 stub}
  0x000001e3f331578c: ffff ffe8 | ecfe bbff 

  0x000001e3f3315794: ;   {external_word}
  0x000001e3f3315794: 48b9 c028 | 5fe1 fe7f | 0000 4883 

  0x000001e3f33157a0: ;   {runtime_call}
  0x000001e3f33157a0: e4f0 48b8 | 3099 26e1 | fe7f 0000 

  0x000001e3f33157ac: ;   {section_word}
  0x000001e3f33157ac: ffd0 f449 | baaf 5731 | f3e3 0100 

  0x000001e3f33157b8: ;   {runtime_call DeoptimizationBlob}
  0x000001e3f33157b8: 0041 52e9 | e0f1 b0ff 
[/MachCode]


Compiled method (c1) 5575 1994   !   1       java.lang.invoke.MethodHandles$Lookup$ClassDefiner::defineClass (213 bytes)
 total in heap  [0x000001e3f331b610,0x000001e3f331bf28] = 2328
 relocation     [0x000001e3f331b768,0x000001e3f331b800] = 152
 main code      [0x000001e3f331b800,0x000001e3f331bbc8] = 968
 stub code      [0x000001e3f331bbc8,0x000001e3f331bc40] = 120
 metadata       [0x000001e3f331bc40,0x000001e3f331bc88] = 72
 scopes data    [0x000001e3f331bc88,0x000001e3f331bd90] = 264
 scopes pcs     [0x000001e3f331bd90,0x000001e3f331be90] = 256
 dependencies   [0x000001e3f331be90,0x000001e3f331bea0] = 16
 handler table  [0x000001e3f331bea0,0x000001e3f331bee8] = 72
 nul chk table  [0x000001e3f331bee8,0x000001e3f331bf28] = 64

[Constant Pool (empty)]

[MachCode]
[Entry Point]
  # {method} {0x000001e38019ea28} 'defineClass' '(ZLjava/lang/Object;)Ljava/lang/Class;' in 'java/lang/invoke/MethodHandles$Lookup$ClassDefiner'
  # this:     rdx:rdx   = 'java/lang/invoke/MethodHandles$Lookup$ClassDefiner'
  # parm0:    r8        = boolean
  # parm1:    r9:r9     = 'java/lang/Object'
  #           [sp+0xf0]  (sp of caller)
  0x000001e3f331b800: 448b 5208 | 49bb 0000 | 0080 e301 | 0000 4d03 | d34c 3bd0 

  0x000001e3f331b814: ;   {runtime_call ic_miss_stub}
  0x000001e3f331b814: 0f85 662f | b0ff 660f | 1f44 0000 
[Verified Entry Point]
  0x000001e3f331b820: 8984 2400 | 80ff ff55 | 4881 ece0 | 0000 0090 | 4181 7f20 | 0100 0000 

  0x000001e3f331b838: ;   {runtime_call StubRoutines (final stubs)}
  0x000001e3f331b838: 7405 e8a1 | 94ae ff48 | 8994 2498 | 0000 0044 | 8984 24b0 | 0000 004c | 898c 24b8 | 0000 008b 
  0x000001e3f331b858: 7210 4889 | b424 9000 | 0000 8b7e | 1048 89bc | 24a8 0000 | 008b 5f34 | 4885 db0f | 850a 0000 
  0x000001e3f331b878: ;   {oop(nullptr)}
  0x000001e3f331b878: 0048 bb00 | 0000 0000 | 0000 0048 | 85db 0f84 | ac00 0000 | 8b46 1848 | 85c0 4889 | 9c24 a000 
  0x000001e3f331b898: 0000 0f85 | aa00 0000 

  0x000001e3f331b8a0: ;   {oop(a 'java/lang/Class'{0x00000000820143b0} = 'jdk/internal/access/SharedSecrets')}
  0x000001e3f331b8a0: 48b8 b043 | 0182 0000 | 0000 8b40 | 7c8b 4e10 | 4885 c00f | 842a 0000 

  0x000001e3f331b8b8: ;   {metadata('java/lang/System$2')}
  0x000001e3f331b8b8: 0048 beb0 | 7c01 80e3 | 0100 0044 | 8b70 0849 | ba00 0000 | 80e3 0100 | 004d 03f2 | 493b 7638 
  0x000001e3f331b8d8: 0f85 3d02 | 0000 e900 | 0000 004c | 8bd8 483b | 0048 3b01 

  0x000001e3f331b8ec: ;   {optimized virtual_call}
  0x000001e3f331b8ec: 488b d1e8 

  0x000001e3f331b8f0: ; ImmutableOopMap {[144]=Oop [152]=Oop [160]=Oop [168]=Oop [184]=Oop }
                      ;*invokevirtual protectionDomain {reexecute=0 rethrow=0 return_oop=0}
                      ; - java.lang.System$2::protectionDomain@1 (line 2523)
                      ; - java.lang.invoke.MethodHandles$Lookup::lookupClassProtectionDomain@17 (line 2531)
                      ; - java.lang.invoke.MethodHandles$Lookup$ClassDefiner::defineClass@23 (line 2488)
  0x000001e3f331b8f0: cc1d 0a00 

  0x000001e3f331b8f4: ;   {other}
  0x000001e3f331b8f4: 0f1f 8400 | e402 0000 | 450f be47 | 3845 85c0 | 488b b424 | 9000 0000 | 0f85 1802 | 0000 4c8b 
  0x000001e3f331b914: d044 8956 | 18f0 8344 | 24c0 004c | 8bc6 4c33 | c049 c1e8 | 1449 83f8 | 000f 8513 | 0200 00e9 
  0x000001e3f331b934: 1200 0000 | 4889 9c24 | a000 0000 

  0x000001e3f331b940: ;   {oop(nullptr)}
  0x000001e3f331b940: 48b8 0000 | 0000 0000 | 0000 488b | 9c24 a000 | 0000 488b | bc24 a800 | 0000 488b | 9424 9800 
  0x000001e3f331b960: ;   {oop(a 'java/lang/Class'{0x00000000820143b0} = 'jdk/internal/access/SharedSecrets')}
  0x000001e3f331b960: 0000 49b8 | b043 0182 | 0000 0000 | 458b 707c | 8b72 148b | 4a18 448b | 4a0c 4d85 | f60f 842a 
  0x000001e3f331b980: ;   {metadata('java/lang/System$2')}
  0x000001e3f331b980: 0000 0049 | bbb0 7c01 | 80e3 0100 | 0045 8b6e | 0849 ba00 | 0000 80e3 | 0100 004d | 03ea 4d3b 
  0x000001e3f331b9a0: 5d38 0f85 | b601 0000 | e900 0000 | 004d 8bc6 

  0x000001e3f331b9b0: ; implicit exception: dispatches to 0x000001e3f331bb63
  0x000001e3f331b9b0: 493b 064c | 8bc3 498b | d14c 8bcf | 488b fe48 | 8bf1 488b | c88b 8424 | b000 0000 | 8904 2489 
  0x000001e3f331b9d0: 5424 0848 | 8b94 24b8 | 0000 0048 | 8954 2410 | 498b d60f 

  0x000001e3f331b9e4: ;   {optimized virtual_call}
  0x000001e3f331b9e4: 1f40 00e8 

  0x000001e3f331b9e8: ; ImmutableOopMap {[152]=Oop [168]=Oop }
                      ;*invokeinterface defineClass {reexecute=0 rethrow=0 return_oop=0}
                      ; - java.lang.invoke.MethodHandles$Lookup$ClassDefiner::defineClass@57 (line 2492)
  0x000001e3f331b9e8: d49c ffff 

  0x000001e3f331b9ec: ;   {other}
  0x000001e3f331b9ec: 0f1f 8400 | dc03 0001 | 488b 9424 | 9800 0000 | 8b72 1c44 | 0fbe 460c | 4183 e001 | 4585 c00f 
  0x000001e3f331ba0c: 84bb 0000 | 008b 7a14 | 4885 c00f | 8485 0000 | 00e9 3d00 | 0000 488b | 9424 9800 | 0000 498b 
  0x000001e3f331ba2c: 8708 0500 | 004d 33d2 | 4d89 9708 | 0500 004d | 33d2 4d89 | 9710 0500 | 008b 721c 

  0x000001e3f331ba48: ; implicit exception: dispatches to 0x000001e3f331bb6d
  0x000001e3f331ba48: 440f be46 | 0c41 83e0 | 0145 85c0 | 0f84 b200 | 0000 e983 | 0000 008b | 5218 4c8b | c74c 8bc8 
  0x000001e3f331ba68: 488b fa48 | 8bd6 4889 | 8424 c000 

  0x000001e3f331ba74: ;   {optimized virtual_call}
  0x000001e3f331ba74: 0000 90e8 

  0x000001e3f331ba78: ; ImmutableOopMap {[192]=Oop }
                      ;*invokevirtual dumpClass {reexecute=0 rethrow=0 return_oop=0}
                      ; - java.lang.invoke.MethodHandles$Lookup$ClassDefiner::defineClass@134 (line 2500)
  0x000001e3f331ba78: 0430 b0ff 

  0x000001e3f331ba7c: ;   {other}
  0x000001e3f331ba7c: 0f1f 8400 | 6c04 0002 | 488b 8424 | c000 0000 | 4881 c4e0 | 0000 005d 

  0x000001e3f331ba94: ;   {poll_return}
  0x000001e3f331ba94: 493b a758 | 0400 000f | 87d1 0000 | 00c3 4889 | 8424 c000 | 0000 448b | 4a18 4c8b | c748 8bd6 
  0x000001e3f331bab4: ;   {optimized virtual_call}
  0x000001e3f331bab4: 6666 90e8 

  0x000001e3f331bab8: ; ImmutableOopMap {[192]=Oop }
                      ;*invokevirtual dumpFailedClass {reexecute=0 rethrow=0 return_oop=0}
                      ; - java.lang.invoke.MethodHandles$Lookup$ClassDefiner::defineClass@150 (line 2502)
  0x000001e3f331bab8: c42f b0ff 

  0x000001e3f331babc: ;   {other}
  0x000001e3f331babc: 0f1f 8400 | ac04 0003 | 488b 8424 | c000 0000 | 4881 c4e0 | 0000 005d 

  0x000001e3f331bad4: ;   {poll_return}
  0x000001e3f331bad4: 493b a758 | 0400 000f | 87a7 0000 | 00c3 4889 | 8424 c800 | 0000 448b | 4214 448b | 4a18 488b 
  0x000001e3f331baf4: ;   {optimized virtual_call}
  0x000001e3f331baf4: d666 90e8 

  0x000001e3f331baf8: ; ImmutableOopMap {[200]=Oop }
                      ;*invokevirtual dumpFailedClass {reexecute=0 rethrow=0 return_oop=0}
                      ; - java.lang.invoke.MethodHandles$Lookup$ClassDefiner::defineClass@207 (line 2502)
  0x000001e3f331baf8: 842f b0ff 

  0x000001e3f331bafc: ;   {other}
  0x000001e3f331bafc: 0f1f 8400 | ec04 0004 | 488b 8424 | c800 0000 | e9aa 0000 

  0x000001e3f331bb10: ;   {runtime_call throw_null_pointer_exception Runtime1 stub}
  0x000001e3f331bb10: 00e8 6a7d 

  0x000001e3f331bb14: ; ImmutableOopMap {rdx=Oop r9=Oop rsi=Oop [144]=Oop [152]=Oop [184]=Oop }
                      ;*invokevirtual lookupClass {reexecute=0 rethrow=0 return_oop=0}
                      ; - java.lang.invoke.MethodHandles$Lookup$ClassDefiner::defineClass@4 (line 2486)
                      ;   {runtime_call throw_null_pointer_exception Runtime1 stub}
  0x000001e3f331bb14: bbff e865 

  0x000001e3f331bb18: ; ImmutableOopMap {rdx=Oop r9=Oop rsi=Oop rdi=Oop [144]=Oop [152]=Oop [168]=Oop [184]=Oop }
                      ;*invokevirtual getClassLoader {reexecute=0 rethrow=0 return_oop=0}
                      ; - java.lang.invoke.MethodHandles$Lookup$ClassDefiner::defineClass@9 (line 2487)
                      ;   {runtime_call throw_incompatible_class_change_error Runtime1 stub}
  0x000001e3f331bb18: 7dbb ffe8 

  0x000001e3f331bb1c: ; ImmutableOopMap {rax=Oop rcx=Oop [144]=Oop [152]=Oop [160]=Oop [168]=Oop [184]=Oop }
                      ;*invokeinterface protectionDomain {reexecute=0 rethrow=0 return_oop=0}
                      ; - java.lang.invoke.MethodHandles$Lookup::lookupClassProtectionDomain@17 (line 2531)
                      ; - java.lang.invoke.MethodHandles$Lookup$ClassDefiner::defineClass@23 (line 2488)
  0x000001e3f331bb1c: 60a4 bbff 

  0x000001e3f331bb20: ;   {runtime_call throw_null_pointer_exception Runtime1 stub}
  0x000001e3f331bb20: e85b 7dbb 

  0x000001e3f331bb24: ; ImmutableOopMap {rcx=Oop [144]=Oop [152]=Oop [160]=Oop [168]=Oop [184]=Oop }
                      ;*invokeinterface protectionDomain {reexecute=0 rethrow=0 return_oop=0}
                      ; - java.lang.invoke.MethodHandles$Lookup::lookupClassProtectionDomain@17 (line 2531)
                      ; - java.lang.invoke.MethodHandles$Lookup$ClassDefiner::defineClass@23 (line 2488)
                      ;   {runtime_call throw_null_pointer_exception Runtime1 stub}
  0x000001e3f331bb24: ffe8 567d 

  0x000001e3f331bb28: ; ImmutableOopMap {rcx=Oop [144]=Oop [152]=Oop [160]=Oop [168]=Oop [184]=Oop }
                      ;*invokevirtual protectionDomain {reexecute=0 rethrow=0 return_oop=0}
                      ; - java.lang.System$2::protectionDomain@1 (line 2523)
                      ; - java.lang.invoke.MethodHandles$Lookup::lookupClassProtectionDomain@17 (line 2531)
                      ; - java.lang.invoke.MethodHandles$Lookup$ClassDefiner::defineClass@23 (line 2488)
  0x000001e3f331bb28: bbff 448b | 4618 4983 | f800 0f84 | dafd ffff | 4c89 0424 

  0x000001e3f331bb3c: ;   {runtime_call g1_pre_barrier_slow}
  0x000001e3f331bb3c: e83f d4bb | ffe9 ccfd | ffff 4883 | f800 0f84 | e3fd ffff | 4889 3424 

  0x000001e3f331bb54: ;   {runtime_call g1_post_barrier_slow}
  0x000001e3f331bb54: e8a7 dbbb | ffe9 d5fd 

  0x000001e3f331bb5c: ;   {runtime_call throw_incompatible_class_change_error Runtime1 stub}
  0x000001e3f331bb5c: ffff e81d 

  0x000001e3f331bb60: ; ImmutableOopMap {rax=Oop rdi=Oop rbx=Oop r14=Oop rsi=Oop rcx=Oop [152]=Oop [168]=Oop [184]=Oop }
                      ;*invokeinterface defineClass {reexecute=0 rethrow=0 return_oop=0}
                      ; - java.lang.invoke.MethodHandles$Lookup$ClassDefiner::defineClass@57 (line 2492)
                      ;   {runtime_call throw_null_pointer_exception Runtime1 stub}
  0x000001e3f331bb60: a4bb ffe8 

  0x000001e3f331bb64: ; ImmutableOopMap {rax=Oop rdi=Oop rbx=Oop r14=Oop rsi=Oop rcx=Oop [152]=Oop [168]=Oop [184]=Oop }
                      ;*invokeinterface defineClass {reexecute=0 rethrow=0 return_oop=0}
                      ; - java.lang.invoke.MethodHandles$Lookup$ClassDefiner::defineClass@57 (line 2492)
  0x000001e3f331bb64: 187d bbff 

  0x000001e3f331bb68: ;   {runtime_call throw_null_pointer_exception Runtime1 stub}
  0x000001e3f331bb68: e813 7dbb 

  0x000001e3f331bb6c: ; ImmutableOopMap {rax=Oop rdx=Oop rsi=Oop [152]=Oop }
                      ;*invokevirtual isEnabled {reexecute=0 rethrow=0 return_oop=0}
                      ; - java.lang.invoke.MethodHandles$Lookup$ClassDefiner::defineClass@105 (line 2497)
                      ;   {runtime_call throw_null_pointer_exception Runtime1 stub}
  0x000001e3f331bb6c: ffe8 0e7d 

  0x000001e3f331bb70: ; ImmutableOopMap {rdx=Oop rax=Oop rsi=Oop [152]=Oop }
                      ;*invokevirtual isEnabled {reexecute=0 rethrow=0 return_oop=0}
                      ; - java.lang.invoke.MethodHandles$Lookup$ClassDefiner::defineClass@162 (line 2497)
                      ;   {internal_word}
  0x000001e3f331bb70: bbff 49ba | 94ba 31f3 | e301 0000 | 4d89 9770 

  0x000001e3f331bb80: ;   {runtime_call SafepointBlob}
  0x000001e3f331bb80: 0400 00e9 | 789b b0ff 

  0x000001e3f331bb88: ;   {internal_word}
  0x000001e3f331bb88: 49ba d4ba | 31f3 e301 | 0000 4d89 | 9770 0400 

  0x000001e3f331bb98: ;   {runtime_call SafepointBlob}
  0x000001e3f331bb98: 00e9 629b | b0ff 498b | 8708 0500 | 0049 c787 | 0805 0000 | 0000 0000 | 49c7 8710 | 0500 0000 
  0x000001e3f331bbb8: 0000 0048 | 81c4 e000 

  0x000001e3f331bbc0: ;   {runtime_call unwind_exception Runtime1 stub}
  0x000001e3f331bbc0: 0000 5de9 | b86d bbff 
[Stub Code]
  0x000001e3f331bbc8: ;   {no_reloc}
  0x000001e3f331bbc8: 0f1f 4400 

  0x000001e3f331bbcc: ;   {static_stub}
  0x000001e3f331bbcc: 0048 bb00 | 0000 0000 

  0x000001e3f331bbd4: ;   {runtime_call}
  0x000001e3f331bbd4: 0000 00e9 | fbff ffff 

  0x000001e3f331bbdc: ;   {static_stub}
  0x000001e3f331bbdc: 48bb 10e0 | 4280 e301 

  0x000001e3f331bbe4: ;   {runtime_call I2C/C2I adapters}
  0x000001e3f331bbe4: 0000 e978 

  0x000001e3f331bbe8: ;   {static_stub}
  0x000001e3f331bbe8: 78b0 ff48 | bb00 0000 | 0000 0000 

  0x000001e3f331bbf4: ;   {runtime_call}
  0x000001e3f331bbf4: 00e9 fbff 

  0x000001e3f331bbf8: ;   {static_stub}
  0x000001e3f331bbf8: ffff 48bb | 0000 0000 | 0000 0000 

  0x000001e3f331bc04: ;   {runtime_call}
  0x000001e3f331bc04: e9fb ffff 

  0x000001e3f331bc08: ;   {runtime_call handle_exception_from_callee Runtime1 stub}
  0x000001e3f331bc08: ffe8 729a 

  0x000001e3f331bc0c: ;   {external_word}
  0x000001e3f331bc0c: bbff 48b9 | c028 5fe1 | fe7f 0000 | 4883 e4f0 

  0x000001e3f331bc1c: ;   {runtime_call}
  0x000001e3f331bc1c: 48b8 3099 | 26e1 fe7f | 0000 ffd0 

  0x000001e3f331bc28: ;   {section_word}
  0x000001e3f331bc28: f449 ba29 | bc31 f3e3 | 0100 0041 

  0x000001e3f331bc34: ;   {runtime_call DeoptimizationBlob}
  0x000001e3f331bc34: 52e9 668d | b0ff f4f4 | f4f4 f4f4 
[/MachCode]


---------------  P R O C E S S  ---------------

Threads class SMR info:
_java_thread_list=0x000001e3c6969e00, length=20, elements={
0x000001e3eaa91270, 0x000001e3fa834180, 0x000001e3fa8359f0, 0x000001e3fa839810,
0x000001e3fa83b430, 0x000001e3fa83c630, 0x000001e3fa83d090, 0x000001e3fa83de50,
0x000001e3c52388f0, 0x000001e3c523bf80, 0x000001e3c52c1a00, 0x000001e3c58db8e0,
0x000001e3c58dbf50, 0x000001e3c59e9960, 0x000001e3c5ae4590, 0x000001e3c5b33240,
0x000001e3c5b422d0, 0x000001e3c5b1afc0, 0x000001e3c5b18ef0, 0x000001e3c5b1c370
}

Java Threads: ( => current thread )
  0x000001e3eaa91270 JavaThread "main"                              [_thread_blocked, id=1192, stack(0x000000b31c100000,0x000000b31c200000) (1024K)]
  0x000001e3fa834180 JavaThread "Reference Handler"          daemon [_thread_blocked, id=11812, stack(0x000000b31c900000,0x000000b31ca00000) (1024K)]
  0x000001e3fa8359f0 JavaThread "Finalizer"                  daemon [_thread_blocked, id=3180, stack(0x000000b31ca00000,0x000000b31cb00000) (1024K)]
  0x000001e3fa839810 JavaThread "Signal Dispatcher"          daemon [_thread_blocked, id=348, stack(0x000000b31cb00000,0x000000b31cc00000) (1024K)]
  0x000001e3fa83b430 JavaThread "Attach Listener"            daemon [_thread_blocked, id=11864, stack(0x000000b31cc00000,0x000000b31cd00000) (1024K)]
  0x000001e3fa83c630 JavaThread "Service Thread"             daemon [_thread_blocked, id=11796, stack(0x000000b31cd00000,0x000000b31ce00000) (1024K)]
  0x000001e3fa83d090 JavaThread "Monitor Deflation Thread"   daemon [_thread_blocked, id=9828, stack(0x000000b31ce00000,0x000000b31cf00000) (1024K)]
  0x000001e3fa83de50 JavaThread "C1 CompilerThread0"         daemon [_thread_blocked, id=4184, stack(0x000000b31cf00000,0x000000b31d000000) (1024K)]
  0x000001e3c52388f0 JavaThread "Common-Cleaner"             daemon [_thread_blocked, id=11544, stack(0x000000b31d000000,0x000000b31d100000) (1024K)]
  0x000001e3c523bf80 JavaThread "C1 CompilerThread1"         daemon [_thread_blocked, id=3828, stack(0x000000b31d100000,0x000000b31d200000) (1024K)]
  0x000001e3c52c1a00 JavaThread "C1 CompilerThread2"         daemon [_thread_blocked, id=11676, stack(0x000000b31d200000,0x000000b31d300000) (1024K)]
  0x000001e3c58db8e0 JavaThread "Monitor Ctrl-Break"         daemon [_thread_in_native, id=752, stack(0x000000b31d300000,0x000000b31d400000) (1024K)]
  0x000001e3c58dbf50 JavaThread "Notification Thread"        daemon [_thread_blocked, id=5004, stack(0x000000b31d400000,0x000000b31d500000) (1024K)]
  0x000001e3c59e9960 JavaThread "RMI TCP Accept-0"           daemon [_thread_in_native, id=4164, stack(0x000000b31d800000,0x000000b31d900000) (1024K)]
  0x000001e3c5ae4590 JavaThread "RMI TCP Connection(1)-172.168.244.199" daemon [_thread_in_native, id=9428, stack(0x000000b31d900000,0x000000b31da00000) (1024K)]
  0x000001e3c5b33240 JavaThread "RMI Scheduler(0)"           daemon [_thread_blocked, id=8044, stack(0x000000b31da00000,0x000000b31db00000) (1024K)]
  0x000001e3c5b422d0 JavaThread "JMX server connection timeout 28" daemon [_thread_blocked, id=6900, stack(0x000000b31db00000,0x000000b31dc00000) (1024K)]
  0x000001e3c5b1afc0 JavaThread "Thread-0"                          [_thread_blocked, id=2052, stack(0x000000b31dc00000,0x000000b31dd00000) (1024K)]
=>0x000001e3c5b18ef0 JavaThread "restartedMain"                     [_thread_in_vm, id=10200, stack(0x000000b31dd00000,0x000000b31de00000) (1024K)]
  0x000001e3c5b1c370 JavaThread "background-preinit"                [_thread_in_vm, id=10436, stack(0x000000b31de00000,0x000000b31df00000) (1024K)]
Total: 20

Other Threads:
  0x000001e3fa815130 VMThread "VM Thread"                           [id=4160, stack(0x000000b31c800000,0x000000b31c900000) (1024K)]
  0x000001e3fa7ff8e0 WatcherThread "VM Periodic Task Thread"        [id=2520, stack(0x000000b31c700000,0x000000b31c800000) (1024K)]
  0x000001e3eaae8090 WorkerThread "GC Thread#0"                     [id=9700, stack(0x000000b31c200000,0x000000b31c300000) (1024K)]
  0x000001e3c59ac6e0 WorkerThread "GC Thread#1"                     [id=11340, stack(0x000000b31d500000,0x000000b31d600000) (1024K)]
  0x000001e3c59c55e0 WorkerThread "GC Thread#2"                     [id=9892, stack(0x000000b31d600000,0x000000b31d700000) (1024K)]
  0x000001e3c59f74b0 WorkerThread "GC Thread#3"                     [id=6132, stack(0x000000b31d700000,0x000000b31d800000) (1024K)]
  0x000001e3eaaf8c90 ConcurrentGCThread "G1 Main Marker"            [id=6920, stack(0x000000b31c300000,0x000000b31c400000) (1024K)]
  0x000001e3eaaf9860 WorkerThread "G1 Conc#0"                       [id=10660, stack(0x000000b31c400000,0x000000b31c500000) (1024K)]
  0x000001e3eab3e8f0 ConcurrentGCThread "G1 Refine#0"               [id=3800, stack(0x000000b31c500000,0x000000b31c600000) (1024K)]
  0x000001e3fa6c3560 ConcurrentGCThread "G1 Service"                [id=1632, stack(0x000000b31c600000,0x000000b31c700000) (1024K)]
Total: 10

Threads with active compile tasks:
Total: 0

VM state: not at safepoint (normal execution)

VM Mutex/Monitor currently owned by a thread:  ([mutex/lock_event])
[0x00007ffee189ab00] Metaspace_lock - owner thread: 0x000001e3c5b18ef0

Heap address: 0x0000000081800000, size: 2024 MB, Compressed Oops mode: 32-bit

CDS archive(s) mapped at: [0x000001e380000000-0x000001e380c60000-0x000001e380c60000), size 12976128, SharedBaseAddress: 0x000001e380000000, ArchiveRelocationMode: 1.
Compressed class space mapped at: 0x000001e381000000-0x000001e3c1000000, reserved size: 1073741824
Narrow klass base: 0x000001e380000000, Narrow klass shift: 0, Narrow klass range: 0x41000000

GC Precious Log:
 CardTable entry size: 512
 Card Set container configuration: InlinePtr #cards 5 size 8 Array Of Cards #cards 12 size 40 Howl #buckets 4 coarsen threshold 1843 Howl Bitmap #cards 512 size 80 coarsen threshold 460 Card regions per heap region 1 cards per card region 2048
 CPUs: 4 total, 4 available
 Memory: 8088M
 Large Page Support: Disabled
 NUMA Support: Disabled
 Compressed Oops: Enabled (32-bit)
 Heap Region Size: 1M
 Heap Min Capacity: 8M
 Heap Initial Capacity: 128M
 Heap Max Capacity: 2024M
 Pre-touch: Disabled
 Parallel Workers: 4
 Concurrent Workers: 1
 Concurrent Refinement Workers: 4
 Periodic GC: Disabled

Heap:
 garbage-first heap   total reserved 2072576K, committed 131072K, used 47541K [0x0000000081800000, 0x0000000100000000)
  region size 1024K, 39 young (39936K), 3 survivors (3072K)
 Metaspace       used 19777K, committed 20288K, reserved 1114112K
  class space    used 2700K, committed 2944K, reserved 1048576K

Heap Regions: E=young(eden), S=young(survivor), O=old, HS=humongous(starts), HC=humongous(continues), CS=collection set, F=free, TAMS=top-at-mark-start, PB=parsable bottom
|   0|0x0000000081800000, 0x0000000081900000, 0x0000000081900000|100%|HS|  |TAMS 0x0000000081800000| PB 0x0000000081800000| Complete |  0
|   1|0x0000000081900000, 0x0000000081a00000, 0x0000000081a00000|100%|HS|  |TAMS 0x0000000081900000| PB 0x0000000081900000| Complete |  0
|   2|0x0000000081a00000, 0x0000000081b00000, 0x0000000081b00000|100%| O|  |TAMS 0x0000000081a00000| PB 0x0000000081a00000| Untracked |  0
|   3|0x0000000081b00000, 0x0000000081c00000, 0x0000000081c00000|100%| O|  |TAMS 0x0000000081b00000| PB 0x0000000081b00000| Untracked |  0
|   4|0x0000000081c00000, 0x0000000081d00000, 0x0000000081d00000|100%| O|  |TAMS 0x0000000081c00000| PB 0x0000000081c00000| Untracked |  0
|   5|0x0000000081d00000, 0x0000000081e00000, 0x0000000081e00000|100%| O|  |TAMS 0x0000000081d00000| PB 0x0000000081d00000| Untracked |  0
|   6|0x0000000081e00000, 0x0000000081f00000, 0x0000000081f00000|100%| O|  |TAMS 0x0000000081e00000| PB 0x0000000081e00000| Untracked |  0
|   7|0x0000000081f00000, 0x0000000082000000, 0x0000000082000000|100%| O|  |TAMS 0x0000000081f00000| PB 0x0000000081f00000| Untracked |  0
|   8|0x0000000082000000, 0x0000000082100000, 0x0000000082100000|100%| O|  |TAMS 0x0000000082000000| PB 0x0000000082000000| Untracked |  0
|   9|0x0000000082100000, 0x00000000821a4800, 0x0000000082200000| 64%| O|  |TAMS 0x0000000082100000| PB 0x0000000082100000| Untracked |  0
|  10|0x0000000082200000, 0x0000000082200000, 0x0000000082300000|  0%| F|  |TAMS 0x0000000082200000| PB 0x0000000082200000| Untracked |  0
|  11|0x0000000082300000, 0x0000000082300000, 0x0000000082400000|  0%| F|  |TAMS 0x0000000082300000| PB 0x0000000082300000| Untracked |  0
|  12|0x0000000082400000, 0x0000000082400000, 0x0000000082500000|  0%| F|  |TAMS 0x0000000082400000| PB 0x0000000082400000| Untracked |  0
|  13|0x0000000082500000, 0x0000000082500000, 0x0000000082600000|  0%| F|  |TAMS 0x0000000082500000| PB 0x0000000082500000| Untracked |  0
|  14|0x0000000082600000, 0x0000000082600000, 0x0000000082700000|  0%| F|  |TAMS 0x0000000082600000| PB 0x0000000082600000| Untracked |  0
|  15|0x0000000082700000, 0x0000000082700000, 0x0000000082800000|  0%| F|  |TAMS 0x0000000082700000| PB 0x0000000082700000| Untracked |  0
|  16|0x0000000082800000, 0x0000000082800000, 0x0000000082900000|  0%| F|  |TAMS 0x0000000082800000| PB 0x0000000082800000| Untracked |  0
|  17|0x0000000082900000, 0x0000000082900000, 0x0000000082a00000|  0%| F|  |TAMS 0x0000000082900000| PB 0x0000000082900000| Untracked |  0
|  18|0x0000000082a00000, 0x0000000082a00000, 0x0000000082b00000|  0%| F|  |TAMS 0x0000000082a00000| PB 0x0000000082a00000| Untracked |  0
|  19|0x0000000082b00000, 0x0000000082b00000, 0x0000000082c00000|  0%| F|  |TAMS 0x0000000082b00000| PB 0x0000000082b00000| Untracked |  0
|  20|0x0000000082c00000, 0x0000000082c00000, 0x0000000082d00000|  0%| F|  |TAMS 0x0000000082c00000| PB 0x0000000082c00000| Untracked |  0
|  21|0x0000000082d00000, 0x0000000082d00000, 0x0000000082e00000|  0%| F|  |TAMS 0x0000000082d00000| PB 0x0000000082d00000| Untracked |  0
|  22|0x0000000082e00000, 0x0000000082e00000, 0x0000000082f00000|  0%| F|  |TAMS 0x0000000082e00000| PB 0x0000000082e00000| Untracked |  0
|  23|0x0000000082f00000, 0x0000000082f00000, 0x0000000083000000|  0%| F|  |TAMS 0x0000000082f00000| PB 0x0000000082f00000| Untracked |  0
|  24|0x0000000083000000, 0x0000000083000000, 0x0000000083100000|  0%| F|  |TAMS 0x0000000083000000| PB 0x0000000083000000| Untracked |  0
|  25|0x0000000083100000, 0x0000000083100000, 0x0000000083200000|  0%| F|  |TAMS 0x0000000083100000| PB 0x0000000083100000| Untracked |  0
|  26|0x0000000083200000, 0x0000000083200000, 0x0000000083300000|  0%| F|  |TAMS 0x0000000083200000| PB 0x0000000083200000| Untracked |  0
|  27|0x0000000083300000, 0x0000000083300000, 0x0000000083400000|  0%| F|  |TAMS 0x0000000083300000| PB 0x0000000083300000| Untracked |  0
|  28|0x0000000083400000, 0x0000000083400000, 0x0000000083500000|  0%| F|  |TAMS 0x0000000083400000| PB 0x0000000083400000| Untracked |  0
|  29|0x0000000083500000, 0x0000000083500000, 0x0000000083600000|  0%| F|  |TAMS 0x0000000083500000| PB 0x0000000083500000| Untracked |  0
|  30|0x0000000083600000, 0x0000000083600000, 0x0000000083700000|  0%| F|  |TAMS 0x0000000083600000| PB 0x0000000083600000| Untracked |  0
|  31|0x0000000083700000, 0x0000000083700000, 0x0000000083800000|  0%| F|  |TAMS 0x0000000083700000| PB 0x0000000083700000| Untracked |  0
|  32|0x0000000083800000, 0x0000000083800000, 0x0000000083900000|  0%| F|  |TAMS 0x0000000083800000| PB 0x0000000083800000| Untracked |  0
|  33|0x0000000083900000, 0x0000000083900000, 0x0000000083a00000|  0%| F|  |TAMS 0x0000000083900000| PB 0x0000000083900000| Untracked |  0
|  34|0x0000000083a00000, 0x0000000083a00000, 0x0000000083b00000|  0%| F|  |TAMS 0x0000000083a00000| PB 0x0000000083a00000| Untracked |  0
|  35|0x0000000083b00000, 0x0000000083b00000, 0x0000000083c00000|  0%| F|  |TAMS 0x0000000083b00000| PB 0x0000000083b00000| Untracked |  0
|  36|0x0000000083c00000, 0x0000000083c00000, 0x0000000083d00000|  0%| F|  |TAMS 0x0000000083c00000| PB 0x0000000083c00000| Untracked |  0
|  37|0x0000000083d00000, 0x0000000083d00000, 0x0000000083e00000|  0%| F|  |TAMS 0x0000000083d00000| PB 0x0000000083d00000| Untracked |  0
|  38|0x0000000083e00000, 0x0000000083e00000, 0x0000000083f00000|  0%| F|  |TAMS 0x0000000083e00000| PB 0x0000000083e00000| Untracked |  0
|  39|0x0000000083f00000, 0x0000000083f00000, 0x0000000084000000|  0%| F|  |TAMS 0x0000000083f00000| PB 0x0000000083f00000| Untracked |  0
|  40|0x0000000084000000, 0x0000000084000000, 0x0000000084100000|  0%| F|  |TAMS 0x0000000084000000| PB 0x0000000084000000| Untracked |  0
|  41|0x0000000084100000, 0x0000000084100000, 0x0000000084200000|  0%| F|  |TAMS 0x0000000084100000| PB 0x0000000084100000| Untracked |  0
|  42|0x0000000084200000, 0x0000000084200000, 0x0000000084300000|  0%| F|  |TAMS 0x0000000084200000| PB 0x0000000084200000| Untracked |  0
|  43|0x0000000084300000, 0x0000000084300000, 0x0000000084400000|  0%| F|  |TAMS 0x0000000084300000| PB 0x0000000084300000| Untracked |  0
|  44|0x0000000084400000, 0x0000000084400000, 0x0000000084500000|  0%| F|  |TAMS 0x0000000084400000| PB 0x0000000084400000| Untracked |  0
|  45|0x0000000084500000, 0x0000000084500000, 0x0000000084600000|  0%| F|  |TAMS 0x0000000084500000| PB 0x0000000084500000| Untracked |  0
|  46|0x0000000084600000, 0x0000000084600000, 0x0000000084700000|  0%| F|  |TAMS 0x0000000084600000| PB 0x0000000084600000| Untracked |  0
|  47|0x0000000084700000, 0x0000000084700000, 0x0000000084800000|  0%| F|  |TAMS 0x0000000084700000| PB 0x0000000084700000| Untracked |  0
|  48|0x0000000084800000, 0x0000000084800000, 0x0000000084900000|  0%| F|  |TAMS 0x0000000084800000| PB 0x0000000084800000| Untracked |  0
|  49|0x0000000084900000, 0x0000000084900000, 0x0000000084a00000|  0%| F|  |TAMS 0x0000000084900000| PB 0x0000000084900000| Untracked |  0
|  50|0x0000000084a00000, 0x0000000084a00000, 0x0000000084b00000|  0%| F|  |TAMS 0x0000000084a00000| PB 0x0000000084a00000| Untracked |  0
|  51|0x0000000084b00000, 0x0000000084b00000, 0x0000000084c00000|  0%| F|  |TAMS 0x0000000084b00000| PB 0x0000000084b00000| Untracked |  0
|  52|0x0000000084c00000, 0x0000000084c00000, 0x0000000084d00000|  0%| F|  |TAMS 0x0000000084c00000| PB 0x0000000084c00000| Untracked |  0
|  53|0x0000000084d00000, 0x0000000084d00000, 0x0000000084e00000|  0%| F|  |TAMS 0x0000000084d00000| PB 0x0000000084d00000| Untracked |  0
|  54|0x0000000084e00000, 0x0000000084e00000, 0x0000000084f00000|  0%| F|  |TAMS 0x0000000084e00000| PB 0x0000000084e00000| Untracked |  0
|  55|0x0000000084f00000, 0x0000000084f00000, 0x0000000085000000|  0%| F|  |TAMS 0x0000000084f00000| PB 0x0000000084f00000| Untracked |  0
|  56|0x0000000085000000, 0x0000000085000000, 0x0000000085100000|  0%| F|  |TAMS 0x0000000085000000| PB 0x0000000085000000| Untracked |  0
|  57|0x0000000085100000, 0x0000000085100000, 0x0000000085200000|  0%| F|  |TAMS 0x0000000085100000| PB 0x0000000085100000| Untracked |  0
|  58|0x0000000085200000, 0x0000000085200000, 0x0000000085300000|  0%| F|  |TAMS 0x0000000085200000| PB 0x0000000085200000| Untracked |  0
|  59|0x0000000085300000, 0x0000000085300000, 0x0000000085400000|  0%| F|  |TAMS 0x0000000085300000| PB 0x0000000085300000| Untracked |  0
|  60|0x0000000085400000, 0x0000000085400000, 0x0000000085500000|  0%| F|  |TAMS 0x0000000085400000| PB 0x0000000085400000| Untracked |  0
|  61|0x0000000085500000, 0x0000000085500000, 0x0000000085600000|  0%| F|  |TAMS 0x0000000085500000| PB 0x0000000085500000| Untracked |  0
|  62|0x0000000085600000, 0x0000000085600000, 0x0000000085700000|  0%| F|  |TAMS 0x0000000085600000| PB 0x0000000085600000| Untracked |  0
|  63|0x0000000085700000, 0x0000000085700000, 0x0000000085800000|  0%| F|  |TAMS 0x0000000085700000| PB 0x0000000085700000| Untracked |  0
|  64|0x0000000085800000, 0x0000000085800000, 0x0000000085900000|  0%| F|  |TAMS 0x0000000085800000| PB 0x0000000085800000| Untracked |  0
|  65|0x0000000085900000, 0x0000000085900000, 0x0000000085a00000|  0%| F|  |TAMS 0x0000000085900000| PB 0x0000000085900000| Untracked |  0
|  66|0x0000000085a00000, 0x0000000085a00000, 0x0000000085b00000|  0%| F|  |TAMS 0x0000000085a00000| PB 0x0000000085a00000| Untracked |  0
|  67|0x0000000085b00000, 0x0000000085b00000, 0x0000000085c00000|  0%| F|  |TAMS 0x0000000085b00000| PB 0x0000000085b00000| Untracked |  0
|  68|0x0000000085c00000, 0x0000000085c00000, 0x0000000085d00000|  0%| F|  |TAMS 0x0000000085c00000| PB 0x0000000085c00000| Untracked |  0
|  69|0x0000000085d00000, 0x0000000085d00000, 0x0000000085e00000|  0%| F|  |TAMS 0x0000000085d00000| PB 0x0000000085d00000| Untracked |  0
|  70|0x0000000085e00000, 0x0000000085e00000, 0x0000000085f00000|  0%| F|  |TAMS 0x0000000085e00000| PB 0x0000000085e00000| Untracked |  0
|  71|0x0000000085f00000, 0x0000000085f00000, 0x0000000086000000|  0%| F|  |TAMS 0x0000000085f00000| PB 0x0000000085f00000| Untracked |  0
|  72|0x0000000086000000, 0x0000000086000000, 0x0000000086100000|  0%| F|  |TAMS 0x0000000086000000| PB 0x0000000086000000| Untracked |  0
|  73|0x0000000086100000, 0x0000000086100000, 0x0000000086200000|  0%| F|  |TAMS 0x0000000086100000| PB 0x0000000086100000| Untracked |  0
|  74|0x0000000086200000, 0x0000000086200000, 0x0000000086300000|  0%| F|  |TAMS 0x0000000086200000| PB 0x0000000086200000| Untracked |  0
|  75|0x0000000086300000, 0x0000000086300000, 0x0000000086400000|  0%| F|  |TAMS 0x0000000086300000| PB 0x0000000086300000| Untracked |  0
|  76|0x0000000086400000, 0x0000000086400000, 0x0000000086500000|  0%| F|  |TAMS 0x0000000086400000| PB 0x0000000086400000| Untracked |  0
|  77|0x0000000086500000, 0x0000000086500000, 0x0000000086600000|  0%| F|  |TAMS 0x0000000086500000| PB 0x0000000086500000| Untracked |  0
|  78|0x0000000086600000, 0x0000000086600000, 0x0000000086700000|  0%| F|  |TAMS 0x0000000086600000| PB 0x0000000086600000| Untracked |  0
|  79|0x0000000086700000, 0x0000000086700000, 0x0000000086800000|  0%| F|  |TAMS 0x0000000086700000| PB 0x0000000086700000| Untracked |  0
|  80|0x0000000086800000, 0x0000000086800000, 0x0000000086900000|  0%| F|  |TAMS 0x0000000086800000| PB 0x0000000086800000| Untracked |  0
|  81|0x0000000086900000, 0x0000000086900000, 0x0000000086a00000|  0%| F|  |TAMS 0x0000000086900000| PB 0x0000000086900000| Untracked |  0
|  82|0x0000000086a00000, 0x0000000086a00000, 0x0000000086b00000|  0%| F|  |TAMS 0x0000000086a00000| PB 0x0000000086a00000| Untracked |  0
|  83|0x0000000086b00000, 0x0000000086b00000, 0x0000000086c00000|  0%| F|  |TAMS 0x0000000086b00000| PB 0x0000000086b00000| Untracked |  0
|  84|0x0000000086c00000, 0x0000000086c00000, 0x0000000086d00000|  0%| F|  |TAMS 0x0000000086c00000| PB 0x0000000086c00000| Untracked |  0
|  85|0x0000000086d00000, 0x0000000086d00000, 0x0000000086e00000|  0%| F|  |TAMS 0x0000000086d00000| PB 0x0000000086d00000| Untracked |  0
|  86|0x0000000086e00000, 0x0000000086e00000, 0x0000000086f00000|  0%| F|  |TAMS 0x0000000086e00000| PB 0x0000000086e00000| Untracked |  0
|  87|0x0000000086f00000, 0x0000000086f00000, 0x0000000087000000|  0%| F|  |TAMS 0x0000000086f00000| PB 0x0000000086f00000| Untracked |  0
|  88|0x0000000087000000, 0x0000000087000000, 0x0000000087100000|  0%| F|  |TAMS 0x0000000087000000| PB 0x0000000087000000| Untracked |  0
|  89|0x0000000087100000, 0x00000000871dd9f8, 0x0000000087200000| 86%| E|  |TAMS 0x0000000087100000| PB 0x0000000087100000| Complete |  0
|  90|0x0000000087200000, 0x0000000087300000, 0x0000000087300000|100%| E|CS|TAMS 0x0000000087200000| PB 0x0000000087200000| Complete |  0
|  91|0x0000000087300000, 0x0000000087400000, 0x0000000087400000|100%| E|CS|TAMS 0x0000000087300000| PB 0x0000000087300000| Complete |  0
|  92|0x0000000087400000, 0x0000000087500000, 0x0000000087500000|100%| E|CS|TAMS 0x0000000087400000| PB 0x0000000087400000| Complete |  0
|  93|0x0000000087500000, 0x0000000087600000, 0x0000000087600000|100%| E|CS|TAMS 0x0000000087500000| PB 0x0000000087500000| Complete |  0
|  94|0x0000000087600000, 0x0000000087700000, 0x0000000087700000|100%| E|CS|TAMS 0x0000000087600000| PB 0x0000000087600000| Complete |  0
|  95|0x0000000087700000, 0x0000000087800000, 0x0000000087800000|100%| E|  |TAMS 0x0000000087700000| PB 0x0000000087700000| Complete |  0
|  96|0x0000000087800000, 0x0000000087900000, 0x0000000087900000|100%| E|CS|TAMS 0x0000000087800000| PB 0x0000000087800000| Complete |  0
|  97|0x0000000087900000, 0x00000000879c8d00, 0x0000000087a00000| 78%| S|CS|TAMS 0x0000000087900000| PB 0x0000000087900000| Complete |  0
|  98|0x0000000087a00000, 0x0000000087b00000, 0x0000000087b00000|100%| S|CS|TAMS 0x0000000087a00000| PB 0x0000000087a00000| Complete |  0
|  99|0x0000000087b00000, 0x0000000087c00000, 0x0000000087c00000|100%| S|CS|TAMS 0x0000000087b00000| PB 0x0000000087b00000| Complete |  0
| 100|0x0000000087c00000, 0x0000000087d00000, 0x0000000087d00000|100%| E|CS|TAMS 0x0000000087c00000| PB 0x0000000087c00000| Complete |  0
| 101|0x0000000087d00000, 0x0000000087e00000, 0x0000000087e00000|100%| E|CS|TAMS 0x0000000087d00000| PB 0x0000000087d00000| Complete |  0
| 102|0x0000000087e00000, 0x0000000087f00000, 0x0000000087f00000|100%| E|CS|TAMS 0x0000000087e00000| PB 0x0000000087e00000| Complete |  0
| 103|0x0000000087f00000, 0x0000000088000000, 0x0000000088000000|100%| E|CS|TAMS 0x0000000087f00000| PB 0x0000000087f00000| Complete |  0
| 104|0x0000000088000000, 0x0000000088100000, 0x0000000088100000|100%| E|CS|TAMS 0x0000000088000000| PB 0x0000000088000000| Complete |  0
| 105|0x0000000088100000, 0x0000000088200000, 0x0000000088200000|100%| E|CS|TAMS 0x0000000088100000| PB 0x0000000088100000| Complete |  0
| 106|0x0000000088200000, 0x0000000088300000, 0x0000000088300000|100%| E|CS|TAMS 0x0000000088200000| PB 0x0000000088200000| Complete |  0
| 107|0x0000000088300000, 0x0000000088400000, 0x0000000088400000|100%| E|CS|TAMS 0x0000000088300000| PB 0x0000000088300000| Complete |  0
| 108|0x0000000088400000, 0x0000000088500000, 0x0000000088500000|100%| E|CS|TAMS 0x0000000088400000| PB 0x0000000088400000| Complete |  0
| 109|0x0000000088500000, 0x0000000088600000, 0x0000000088600000|100%| E|CS|TAMS 0x0000000088500000| PB 0x0000000088500000| Complete |  0
| 110|0x0000000088600000, 0x0000000088700000, 0x0000000088700000|100%| E|CS|TAMS 0x0000000088600000| PB 0x0000000088600000| Complete |  0
| 111|0x0000000088700000, 0x0000000088800000, 0x0000000088800000|100%| E|CS|TAMS 0x0000000088700000| PB 0x0000000088700000| Complete |  0
| 112|0x0000000088800000, 0x0000000088900000, 0x0000000088900000|100%| E|CS|TAMS 0x0000000088800000| PB 0x0000000088800000| Complete |  0
| 113|0x0000000088900000, 0x0000000088a00000, 0x0000000088a00000|100%| E|CS|TAMS 0x0000000088900000| PB 0x0000000088900000| Complete |  0
| 114|0x0000000088a00000, 0x0000000088b00000, 0x0000000088b00000|100%| E|CS|TAMS 0x0000000088a00000| PB 0x0000000088a00000| Complete |  0
| 115|0x0000000088b00000, 0x0000000088c00000, 0x0000000088c00000|100%| E|CS|TAMS 0x0000000088b00000| PB 0x0000000088b00000| Complete |  0
| 116|0x0000000088c00000, 0x0000000088d00000, 0x0000000088d00000|100%| E|CS|TAMS 0x0000000088c00000| PB 0x0000000088c00000| Complete |  0
| 117|0x0000000088d00000, 0x0000000088e00000, 0x0000000088e00000|100%| E|CS|TAMS 0x0000000088d00000| PB 0x0000000088d00000| Complete |  0
| 118|0x0000000088e00000, 0x0000000088f00000, 0x0000000088f00000|100%| E|CS|TAMS 0x0000000088e00000| PB 0x0000000088e00000| Complete |  0
| 119|0x0000000088f00000, 0x0000000089000000, 0x0000000089000000|100%| E|CS|TAMS 0x0000000088f00000| PB 0x0000000088f00000| Complete |  0
| 120|0x0000000089000000, 0x0000000089100000, 0x0000000089100000|100%| E|CS|TAMS 0x0000000089000000| PB 0x0000000089000000| Complete |  0
| 121|0x0000000089100000, 0x0000000089200000, 0x0000000089200000|100%| E|CS|TAMS 0x0000000089100000| PB 0x0000000089100000| Complete |  0
| 122|0x0000000089200000, 0x0000000089300000, 0x0000000089300000|100%| E|CS|TAMS 0x0000000089200000| PB 0x0000000089200000| Complete |  0
| 123|0x0000000089300000, 0x0000000089400000, 0x0000000089400000|100%| E|CS|TAMS 0x0000000089300000| PB 0x0000000089300000| Complete |  0
| 124|0x0000000089400000, 0x0000000089500000, 0x0000000089500000|100%| E|CS|TAMS 0x0000000089400000| PB 0x0000000089400000| Complete |  0
| 125|0x0000000089500000, 0x0000000089600000, 0x0000000089600000|100%| E|CS|TAMS 0x0000000089500000| PB 0x0000000089500000| Complete |  0
| 126|0x0000000089600000, 0x0000000089700000, 0x0000000089700000|100%| E|CS|TAMS 0x0000000089600000| PB 0x0000000089600000| Complete |  0
| 127|0x0000000089700000, 0x0000000089800000, 0x0000000089800000|100%| E|CS|TAMS 0x0000000089700000| PB 0x0000000089700000| Complete |  0

Card table byte_map: [0x000001e3f61d0000,0x000001e3f65d0000] _byte_map_base: 0x000001e3f5dc4000

Marking Bits: (CMBitMap*) 0x000001e3eaae86b0
 Bits: [0x000001e3f65d0000, 0x000001e3f8570000)

Polling page: 0x000001e3e8a10000

Metaspace:

Usage:
  Non-class:     16.68 MB used.
      Class:      2.64 MB used.
       Both:     19.31 MB used.

Virtual space:
  Non-class space:       64.00 MB reserved,      16.94 MB ( 26%) committed,  1 nodes.
      Class space:        1.00 GB reserved,       2.88 MB ( <1%) committed,  1 nodes.
             Both:        1.06 GB reserved,      19.81 MB (  2%) committed. 

Chunk freelists:
   Non-Class:  14.19 MB
       Class:  13.11 MB
        Both:  27.30 MB

MaxMetaspaceSize: unlimited
CompressedClassSpaceSize: 1.00 GB
Initial GC threshold: 21.00 MB
Current GC threshold: 21.00 MB
CDS: on
 - commit_granule_bytes: 65536.
 - commit_granule_words: 8192.
 - virtual_space_node_default_size: 8388608.
 - enlarge_chunks_in_place: 1.
 - use_allocation_guard: 0.


Internal statistics:

num_allocs_failed_limit: 0.
num_arena_births: 570.
num_arena_deaths: 0.
num_vsnodes_births: 2.
num_vsnodes_deaths: 0.
num_space_committed: 317.
num_space_uncommitted: 0.
num_chunks_returned_to_freelist: 0.
num_chunks_taken_from_freelist: 1178.
num_chunk_merges: 0.
num_chunk_splits: 794.
num_chunks_enlarged: 528.
num_inconsistent_stats: 0.

CodeCache: size=49152Kb used=6537Kb max_used=6537Kb free=42615Kb
 bounds [0x000001e3f2dd0000, 0x000001e3f3440000, 0x000001e3f5dd0000]
 total_blobs=3273 nmethods=2733 adapters=462
 compilation: enabled
              stopped_count=0, restarted_count=0
 full_count=0

Compilation events (20 events):
Event: 5.429 Thread 0x000001e3c523bf80 2724   !   1       java.util.logging.LogManager::ensureLogManagerInitialized (144 bytes)
Event: 5.429 Thread 0x000001e3c52c1a00 2725  s!   1       jdk.internal.loader.URLClassPath::getLoader (194 bytes)
Event: 5.430 Thread 0x000001e3c523bf80 nmethod 2724 0x000001e3f342d410 code [0x000001e3f342d680, 0x000001e3f342dcd8]
Event: 5.431 Thread 0x000001e3c52c1a00 nmethod 2725 0x000001e3f342e110 code [0x000001e3f342e400, 0x000001e3f342eff8]
Event: 5.443 Thread 0x000001e3fa83de50 2726       1       jdk.internal.loader.AbstractClassLoaderValue$Sub::equals (55 bytes)
Event: 5.443 Thread 0x000001e3fa83de50 nmethod 2726 0x000001e3f342fe90 code [0x000001e3f3430060, 0x000001e3f34302e8]
Event: 5.444 Thread 0x000001e3c523bf80 2727       1       org.springframework.core.annotation.AnnotationTypeMappings::get (14 bytes)
Event: 5.444 Thread 0x000001e3c523bf80 nmethod 2727 0x000001e3f3430410 code [0x000001e3f34305c0, 0x000001e3f34306f0]
Event: 5.444 Thread 0x000001e3c52c1a00 2728   !   1       jdk.internal.loader.AbstractClassLoaderValue::get (21 bytes)
Event: 5.445 Thread 0x000001e3fa83de50 2729       1       java.lang.reflect.Proxy::isProxyClass (22 bytes)
Event: 5.445 Thread 0x000001e3c523bf80 2730       1       org.springframework.core.annotation.AnnotationTypeMappings::size (10 bytes)
Event: 5.445 Thread 0x000001e3c52c1a00 nmethod 2728 0x000001e3f3430790 code [0x000001e3f3430960, 0x000001e3f3430bc0]
Event: 5.445 Thread 0x000001e3c52c1a00 2731       1       java.util.stream.Collectors$CollectorImpl::characteristics (5 bytes)
Event: 5.445 Thread 0x000001e3c523bf80 nmethod 2730 0x000001e3f3430e10 code [0x000001e3f3430fa0, 0x000001e3f3431098]
Event: 5.445 Thread 0x000001e3c52c1a00 nmethod 2731 0x000001e3f3431110 code [0x000001e3f34312a0, 0x000001e3f3431368]
Event: 5.446 Thread 0x000001e3fa83de50 nmethod 2729 0x000001e3f3431410 code [0x000001e3f3431600, 0x000001e3f3431a48]
Event: 5.450 Thread 0x000001e3c52c1a00 2732       1       java.lang.invoke.BoundMethodHandle$Species_L::speciesData (4 bytes)
Event: 5.450 Thread 0x000001e3c52c1a00 nmethod 2732 0x000001e3f3431d10 code [0x000001e3f3431ea0, 0x000001e3f3431f70]
Event: 5.451 Thread 0x000001e3c52c1a00 2733       1       java.util.concurrent.ConcurrentHashMap$BaseIterator::<init> (21 bytes)
Event: 5.452 Thread 0x000001e3c52c1a00 nmethod 2733 0x000001e3f3432010 code [0x000001e3f34321c0, 0x000001e3f3432328]

GC Heap History (6 events):
Event: 1.479 GC heap before
{Heap before GC invocations=0 (full 0):
 garbage-first heap   total reserved 2072576K, committed 131072K, used 15360K [0x0000000081800000, 0x0000000100000000)
  region size 1024K, 14 young (14336K), 0 survivors (0K)
 Metaspace       used 3292K, committed 3456K, reserved 1114112K
  class space    used 378K, committed 448K, reserved 1048576K
}
Event: 1.489 GC heap after
{Heap after GC invocations=1 (full 0):
 garbage-first heap   total reserved 2072576K, committed 131072K, used 9599K [0x0000000081800000, 0x0000000100000000)
  region size 1024K, 2 young (2048K), 2 survivors (2048K)
 Metaspace       used 3292K, committed 3456K, reserved 1114112K
  class space    used 378K, committed 448K, reserved 1048576K
}
Event: 2.831 GC heap before
{Heap before GC invocations=1 (full 0):
 garbage-first heap   total reserved 2072576K, committed 131072K, used 19839K [0x0000000081800000, 0x0000000100000000)
  region size 1024K, 12 young (12288K), 2 survivors (2048K)
 Metaspace       used 7202K, committed 7488K, reserved 1114112K
  class space    used 889K, committed 1024K, reserved 1048576K
}
Event: 2.838 GC heap after
{Heap after GC invocations=2 (full 0):
 garbage-first heap   total reserved 2072576K, committed 131072K, used 11159K [0x0000000081800000, 0x0000000100000000)
  region size 1024K, 2 young (2048K), 2 survivors (2048K)
 Metaspace       used 7202K, committed 7488K, reserved 1114112K
  class space    used 889K, committed 1024K, reserved 1048576K
}
Event: 4.132 GC heap before
{Heap before GC invocations=2 (full 0):
 garbage-first heap   total reserved 2072576K, committed 131072K, used 36759K [0x0000000081800000, 0x0000000100000000)
  region size 1024K, 28 young (28672K), 2 survivors (2048K)
 Metaspace       used 11390K, committed 11712K, reserved 1114112K
  class space    used 1518K, committed 1664K, reserved 1048576K
}
Event: 4.137 GC heap after
{Heap after GC invocations=3 (full 0):
 garbage-first heap   total reserved 2072576K, committed 131072K, used 12725K [0x0000000081800000, 0x0000000100000000)
  region size 1024K, 3 young (3072K), 3 survivors (3072K)
 Metaspace       used 11390K, committed 11712K, reserved 1114112K
  class space    used 1518K, committed 1664K, reserved 1048576K
}

Dll operation events (11 events):
Event: 0.025 Loaded shared library C:\Program Files\Java\jdk-22\bin\java.dll
Event: 0.641 Loaded shared library C:\Program Files\Java\jdk-22\bin\zip.dll
Event: 0.650 Loaded shared library C:\Program Files\Java\jdk-22\bin\instrument.dll
Event: 0.664 Loaded shared library C:\Program Files\Java\jdk-22\bin\net.dll
Event: 0.673 Loaded shared library C:\Program Files\Java\jdk-22\bin\nio.dll
Event: 0.684 Loaded shared library C:\Program Files\Java\jdk-22\bin\zip.dll
Event: 0.722 Loaded shared library C:\Program Files\Java\jdk-22\bin\jimage.dll
Event: 1.240 Loaded shared library C:\Program Files\Java\jdk-22\bin\extnet.dll
Event: 1.257 Loaded shared library C:\Program Files\Java\jdk-22\bin\management.dll
Event: 1.283 Loaded shared library C:\Program Files\Java\jdk-22\bin\management_ext.dll
Event: 4.293 Loaded shared library C:\Program Files\Java\jdk-22\bin\le.dll

Deoptimization events (0 events):
No events

Classes loaded (20 events):
Event: 5.435 Loading class java/util/ResourceBundle$Control$2
Event: 5.435 Loading class java/util/ResourceBundle$Control$2 done
Event: 5.436 Loading class java/util/PropertyResourceBundle
Event: 5.437 Loading class java/util/PropertyResourceBundle done
Event: 5.437 Loading class sun/util/PropertyResourceBundleCharset
Event: 5.437 Loading class sun/util/PropertyResourceBundleCharset done
Event: 5.437 Loading class sun/util/PropertyResourceBundleCharset$PropertiesFileDecoder
Event: 5.437 Loading class sun/util/PropertyResourceBundleCharset$PropertiesFileDecoder done
Event: 5.438 Loading class java/util/ResourceBundle$BundleReference
Event: 5.438 Loading class java/util/ResourceBundle$BundleReference done
Event: 5.441 Loading class java/util/Collections$ReverseComparator
Event: 5.441 Loading class java/util/Collections$ReverseComparator done
Event: 5.441 Loading class java/util/Comparators$NaturalOrderComparator
Event: 5.442 Loading class java/util/Comparators$NaturalOrderComparator done
Event: 5.442 Loading class java/util/Collections$ReverseComparator2
Event: 5.442 Loading class java/util/Collections$ReverseComparator2 done
Event: 5.451 Loading class javax/security/auth/login/LoginException
Event: 5.452 Loading class java/security/GeneralSecurityException
Event: 5.452 Loading class java/security/GeneralSecurityException done
Event: 5.452 Loading class javax/security/auth/login/LoginException done

Classes unloaded (0 events):
No events

Classes redefined (0 events):
No events

Internal exceptions (20 events):
Event: 4.175 Thread 0x000001e3c5b18ef0 Exception <a 'java/lang/NoSuchMethodError'{0x00000000896e4bb8}: 'int java.lang.invoke.DirectMethodHandle$Holder.invokeSpecialIFC(java.lang.Object, java.lang.Object, java.lang.Object, java.lang.Object)'> (0x00000000896e4bb8) 
thrown [s\open\src\hotspot\share\interpreter\linkResolver.cpp, line 774]
Event: 4.202 Thread 0x000001e3c5b18ef0 Exception <a 'java/lang/NoSuchMethodError'{0x0000000089592810}: 'void java.lang.invoke.DirectMethodHandle$Holder.invokeInterface(java.lang.Object, java.lang.Object, java.lang.Object)'> (0x0000000089592810) 
thrown [s\open\src\hotspot\share\interpreter\linkResolver.cpp, line 774]
Event: 4.228 Thread 0x000001e3c5b18ef0 Exception <a 'java/lang/NoSuchMethodError'{0x0000000089464200}: 'java.lang.Object java.lang.invoke.DirectMethodHandle$Holder.invokeVirtual(java.lang.Object, java.lang.Object, java.lang.Object)'> (0x0000000089464200) 
thrown [s\open\src\hotspot\share\interpreter\linkResolver.cpp, line 774]
Event: 4.257 Thread 0x000001e3c5b18ef0 Exception <a 'java/lang/NoSuchMethodError'{0x000000008934d530}: 'void java.lang.invoke.DirectMethodHandle$Holder.invokeStatic(java.lang.Object, java.lang.Object, int)'> (0x000000008934d530) 
thrown [s\open\src\hotspot\share\interpreter\linkResolver.cpp, line 774]
Event: 4.261 Thread 0x000001e3c5b18ef0 Exception <a 'java/lang/NoSuchMethodError'{0x0000000089361088}: 'void java.lang.invoke.DirectMethodHandle$Holder.invokeStaticInit(java.lang.Object, java.lang.Object, java.lang.Object)'> (0x0000000089361088) 
thrown [s\open\src\hotspot\share\interpreter\linkResolver.cpp, line 774]
Event: 4.270 Thread 0x000001e3c5b18ef0 Exception <a 'java/lang/NoSuchMethodError'{0x00000000893ba128}: 'java.lang.Object java.lang.invoke.DirectMethodHandle$Holder.invokeStaticInit(java.lang.Object, int)'> (0x00000000893ba128) 
thrown [s\open\src\hotspot\share\interpreter\linkResolver.cpp, line 774]
Event: 4.273 Thread 0x000001e3c5b18ef0 Exception <a 'java/lang/NoSuchMethodError'{0x00000000893c43c0}: 'java.lang.Object java.lang.invoke.DirectMethodHandle$Holder.invokeStaticInit(java.lang.Object, int, java.lang.Object)'> (0x00000000893c43c0) 
thrown [s\open\src\hotspot\share\interpreter\linkResolver.cpp, line 774]
Event: 4.284 Thread 0x000001e3c5b18ef0 Exception <a 'sun/nio/fs/WindowsException'{0x00000000893df350}> (0x00000000893df350) 
thrown [s\open\src\hotspot\share\prims\jni.cpp, line 520]
Event: 4.295 Thread 0x000001e3c5b18ef0 Exception <a 'jdk/internal/org/jline/terminal/impl/jna/LastErrorException'{0x00000000893eba80}> (0x00000000893eba80) 
thrown [s\open\src\hotspot\share\prims\jni.cpp, line 520]
Event: 4.295 Thread 0x000001e3c5b18ef0 Exception <a 'jdk/internal/org/jline/terminal/impl/jna/LastErrorException'{0x00000000893ec3f0}> (0x00000000893ec3f0) 
thrown [s\open\src\hotspot\share\prims\jni.cpp, line 520]
Event: 4.295 Thread 0x000001e3c5b18ef0 Exception <a 'jdk/internal/org/jline/terminal/impl/jna/LastErrorException'{0x00000000893ecd10}> (0x00000000893ecd10) 
thrown [s\open\src\hotspot\share\prims\jni.cpp, line 520]
Event: 4.406 Thread 0x000001e3c5b18ef0 Exception <a 'java/lang/NoSuchMethodError'{0x00000000891f3650}: 'void java.lang.invoke.DirectMethodHandle$Holder.invokeVirtual(java.lang.Object, java.lang.Object, java.lang.Object, java.lang.Object)'> (0x00000000891f3650) 
thrown [s\open\src\hotspot\share\interpreter\linkResolver.cpp, line 774]
Event: 4.625 Thread 0x000001e3c5b18ef0 Exception <a 'java/lang/NoSuchMethodError'{0x0000000088e741c8}: 'java.lang.Object java.lang.invoke.Invokers$Holder.invoke_MT(java.lang.Object, java.lang.Object, java.lang.Object, java.lang.Object, java.lang.Object, java.lang.Object, java.lang.Object, java.lang.Object, java.lang.Object)'> (0x0000000088e741c8) 
thrown [s\open\src\hotspot\share\interpreter\linkResolver.cpp, line 774]
Event: 4.632 Thread 0x000001e3c5b18ef0 Exception <a 'java/lang/NoSuchMethodError'{0x0000000088d03988}: 'java.lang.reflect.Field[] java.lang.Class.getDeclaredFields(java.lang.Class)'> (0x0000000088d03988) 
thrown [s\open\src\hotspot\share\interpreter\linkResolver.cpp, line 774]
Event: 4.655 Thread 0x000001e3c5b18ef0 Exception <a 'java/lang/IncompatibleClassChangeError'{0x0000000088dbbde8}: Found class java.lang.Object, but interface was expected> (0x0000000088dbbde8) 
thrown [s\open\src\hotspot\share\interpreter\linkResolver.cpp, line 841]
Event: 5.367 Thread 0x000001e3c5b1c370 Exception <a 'java/lang/NoSuchMethodError'{0x000000008768b9b8}: 'long java.lang.invoke.DirectMethodHandle$Holder.invokeStatic(java.lang.Object, java.lang.Object)'> (0x000000008768b9b8) 
thrown [s\open\src\hotspot\share\interpreter\linkResolver.cpp, line 774]
Event: 5.368 Thread 0x000001e3c5b1c370 Exception <a 'java/lang/NoSuchMethodError'{0x000000008768eaa0}: 'long java.lang.invoke.DirectMethodHandle$Holder.invokeStaticInit(java.lang.Object, java.lang.Object)'> (0x000000008768eaa0) 
thrown [s\open\src\hotspot\share\interpreter\linkResolver.cpp, line 774]
Event: 5.369 Thread 0x000001e3c5b1c370 Exception <a 'java/lang/NoSuchMethodError'{0x000000008769ac10}: 'long java.lang.invoke.DirectMethodHandle$Holder.invokeInterface(java.lang.Object, java.lang.Object)'> (0x000000008769ac10) 
thrown [s\open\src\hotspot\share\interpreter\linkResolver.cpp, line 774]
Event: 5.370 Thread 0x000001e3c5b1c370 Exception <a 'java/lang/IncompatibleClassChangeError'{0x000000008769dc20}: Found class java.lang.Object, but interface was expected> (0x000000008769dc20) 
thrown [s\open\src\hotspot\share\interpreter\linkResolver.cpp, line 841]
Event: 5.453 Thread 0x000001e3c5b18ef0 Exception <a 'java/lang/NoSuchMethodError'{0x00000000871cbf98}: 'int java.lang.invoke.DirectMethodHandle$Holder.invokeSpecial(java.lang.Object, java.lang.Object, java.lang.Object, java.lang.Object, java.lang.Object)'> (0x00000000871cbf98) 
thrown [s\open\src\hotspot\share\interpreter\linkResolver.cpp, line 774]

ZGC Phase Switch (0 events):
No events

VM Operations (20 events):
Event: 2.568 Executing VM operation: HandshakeAllThreads (Deoptimize)
Event: 2.568 Executing VM operation: HandshakeAllThreads (Deoptimize) done
Event: 2.568 Executing VM operation: Cleanup
Event: 2.569 Executing VM operation: Cleanup done
Event: 2.831 Executing VM operation: G1CollectForAllocation (G1 Evacuation Pause)
Event: 2.838 Executing VM operation: G1CollectForAllocation (G1 Evacuation Pause) done
Event: 4.131 Executing VM operation: G1CollectForAllocation (G1 Evacuation Pause)
Event: 4.137 Executing VM operation: G1CollectForAllocation (G1 Evacuation Pause) done
Event: 4.343 Executing VM operation: HandshakeAllThreads (Deoptimize)
Event: 4.343 Executing VM operation: HandshakeAllThreads (Deoptimize) done
Event: 4.603 Executing VM operation: HandshakeAllThreads (Deoptimize)
Event: 4.603 Executing VM operation: HandshakeAllThreads (Deoptimize) done
Event: 4.606 Executing VM operation: HandshakeAllThreads (Deoptimize)
Event: 4.606 Executing VM operation: HandshakeAllThreads (Deoptimize) done
Event: 5.256 Executing VM operation: ICBufferFull
Event: 5.256 Executing VM operation: ICBufferFull done
Event: 5.366 Executing VM operation: HandshakeAllThreads (Deoptimize)
Event: 5.366 Executing VM operation: HandshakeAllThreads (Deoptimize) done
Event: 5.429 Executing VM operation: HandshakeAllThreads (Deoptimize)
Event: 5.429 Executing VM operation: HandshakeAllThreads (Deoptimize) done

Memory protections (0 events):
No events

Nmethod flushes (0 events):
No events

Events (20 events):
Event: 0.078 Thread 0x000001e3eaa91270 Thread added: 0x000001e3eaa91270
Event: 0.108 Thread 0x000001e3eaa91270 Thread added: 0x000001e3fa834180
Event: 0.108 Thread 0x000001e3eaa91270 Thread added: 0x000001e3fa8359f0
Event: 0.110 Thread 0x000001e3eaa91270 Thread added: 0x000001e3fa839810
Event: 0.110 Thread 0x000001e3eaa91270 Thread added: 0x000001e3fa83b430
Event: 0.110 Thread 0x000001e3eaa91270 Thread added: 0x000001e3fa83c630
Event: 0.110 Thread 0x000001e3eaa91270 Thread added: 0x000001e3fa83d090
Event: 0.110 Thread 0x000001e3eaa91270 Thread added: 0x000001e3fa83de50
Event: 0.587 Thread 0x000001e3eaa91270 Thread added: 0x000001e3c52388f0
Event: 0.605 Thread 0x000001e3fa83de50 Thread added: 0x000001e3c523bf80
Event: 0.704 Thread 0x000001e3fa83de50 Thread added: 0x000001e3c52c1a00
Event: 1.224 Thread 0x000001e3eaa91270 Thread added: 0x000001e3c58db8e0
Event: 1.224 Thread 0x000001e3eaa91270 Thread added: 0x000001e3c58dbf50
Event: 1.735 Thread 0x000001e3fa83b430 Thread added: 0x000001e3c59e9960
Event: 1.761 Thread 0x000001e3c59e9960 Thread added: 0x000001e3c5ae4590
Event: 1.805 Thread 0x000001e3c5ae4590 Thread added: 0x000001e3c5b33240
Event: 1.824 Thread 0x000001e3c5ae4590 Thread added: 0x000001e3c5b422d0
Event: 3.547 Thread 0x000001e3eaa91270 Thread added: 0x000001e3c5b1afc0
Event: 3.551 Thread 0x000001e3c5b1afc0 Thread added: 0x000001e3c5b18ef0
Event: 4.622 Thread 0x000001e3c5b18ef0 Thread added: 0x000001e3c5b1c370


Dynamic libraries:
0x00007ff790950000 - 0x00007ff790960000 	C:\Program Files\Java\jdk-22\bin\java.exe
0x00007fff03830000 - 0x00007fff03a28000 	C:\WINDOWS\SYSTEM32\ntdll.dll
0x00007fff01a00000 - 0x00007fff01ac2000 	C:\WINDOWS\System32\KERNEL32.DLL
0x00007fff013a0000 - 0x00007fff01696000 	C:\WINDOWS\System32\KERNELBASE.dll
0x00007fff01010000 - 0x00007fff01110000 	C:\WINDOWS\System32\ucrtbase.dll
0x00007ffef9650000 - 0x00007ffef9667000 	C:\Program Files\Java\jdk-22\bin\jli.dll
0x00007ffefa810000 - 0x00007ffefa82b000 	C:\Program Files\Java\jdk-22\bin\VCRUNTIME140.dll
0x00007fff01850000 - 0x00007fff019f1000 	C:\WINDOWS\System32\USER32.dll
0x00007fff01140000 - 0x00007fff01162000 	C:\WINDOWS\System32\win32u.dll
0x00007fff02000000 - 0x00007fff0202b000 	C:\WINDOWS\System32\GDI32.dll
0x00007fff01170000 - 0x00007fff01289000 	C:\WINDOWS\System32\gdi32full.dll
0x00007fff00ec0000 - 0x00007fff00f5d000 	C:\WINDOWS\System32\msvcp_win.dll
0x00007ffef06d0000 - 0x00007ffef096b000 	C:\WINDOWS\WinSxS\amd64_microsoft.windows.common-controls_6595b64144ccf1df_6.0.19041.6456_none_60b8a6cb71f64256\COMCTL32.dll
0x00007fff01d20000 - 0x00007fff01dbe000 	C:\WINDOWS\System32\msvcrt.dll
0x00007fff01cf0000 - 0x00007fff01d1f000 	C:\WINDOWS\System32\IMM32.DLL
0x00007ffefc720000 - 0x00007ffefc72c000 	C:\Program Files\Java\jdk-22\bin\vcruntime140_1.dll
0x00007ffeeed80000 - 0x00007ffeeee0e000 	C:\Program Files\Java\jdk-22\bin\msvcp140.dll
0x00007ffee0c30000 - 0x00007ffee1979000 	C:\Program Files\Java\jdk-22\bin\server\jvm.dll
0x00007fff02f00000 - 0x00007fff02fb1000 	C:\WINDOWS\System32\ADVAPI32.dll
0x00007fff03670000 - 0x00007fff0370f000 	C:\WINDOWS\System32\sechost.dll
0x00007fff03040000 - 0x00007fff03160000 	C:\WINDOWS\System32\RPCRT4.dll
0x00007fff01110000 - 0x00007fff01137000 	C:\WINDOWS\System32\bcrypt.dll
0x00007fff02e90000 - 0x00007fff02efb000 	C:\WINDOWS\System32\WS2_32.dll
0x00007fff00d90000 - 0x00007fff00ddb000 	C:\WINDOWS\SYSTEM32\POWRPROF.dll
0x00007ffef17a0000 - 0x00007ffef17aa000 	C:\WINDOWS\SYSTEM32\VERSION.dll
0x00007ffef0bc0000 - 0x00007ffef0be7000 	C:\WINDOWS\SYSTEM32\WINMM.dll
0x00007fff00d00000 - 0x00007fff00d12000 	C:\WINDOWS\SYSTEM32\UMPDC.dll
0x00007ffeff690000 - 0x00007ffeff6a2000 	C:\WINDOWS\SYSTEM32\kernel.appcore.dll
0x00007ffefa650000 - 0x00007ffefa65a000 	C:\Program Files\Java\jdk-22\bin\jimage.dll
0x00007ffeff380000 - 0x00007ffeff581000 	C:\WINDOWS\SYSTEM32\DBGHELP.DLL
0x00007ffeeb750000 - 0x00007ffeeb784000 	C:\WINDOWS\SYSTEM32\dbgcore.DLL
0x00007fff01290000 - 0x00007fff01312000 	C:\WINDOWS\System32\bcryptPrimitives.dll
0x00007ffef9620000 - 0x00007ffef962f000 	C:\Program Files\Java\jdk-22\bin\instrument.dll
0x00007ffef9630000 - 0x00007ffef964e000 	C:\Program Files\Java\jdk-22\bin\java.dll
0x00007fff02500000 - 0x00007fff02c70000 	C:\WINDOWS\System32\SHELL32.dll
0x00007fff01ba0000 - 0x00007fff01ccb000 	C:\WINDOWS\System32\ole32.dll
0x00007fff03310000 - 0x00007fff03664000 	C:\WINDOWS\System32\combase.dll
0x00007ffefebc0000 - 0x00007ffeff365000 	C:\WINDOWS\SYSTEM32\windows.storage.dll
0x00007fff00730000 - 0x00007fff0075b000 	C:\WINDOWS\SYSTEM32\Wldp.dll
0x00007fff01ad0000 - 0x00007fff01b9d000 	C:\WINDOWS\System32\OLEAUT32.dll
0x00007fff02d50000 - 0x00007fff02dfd000 	C:\WINDOWS\System32\SHCORE.dll
0x00007fff02030000 - 0x00007fff0208b000 	C:\WINDOWS\System32\shlwapi.dll
0x00007fff00df0000 - 0x00007fff00e14000 	C:\WINDOWS\SYSTEM32\profapi.dll
0x00007ffeed570000 - 0x00007ffeed587000 	C:\Program Files\Java\jdk-22\bin\zip.dll
0x00007ffef9600000 - 0x00007ffef9610000 	C:\Program Files\Java\jdk-22\bin\net.dll
0x00007fff00510000 - 0x00007fff0057a000 	C:\WINDOWS\system32\mswsock.dll
0x00007ffeed660000 - 0x00007ffeed676000 	C:\Program Files\Java\jdk-22\bin\nio.dll
0x00007fff00250000 - 0x00007fff0031a000 	C:\WINDOWS\SYSTEM32\DNSAPI.dll
0x00007fff00210000 - 0x00007fff0024b000 	C:\WINDOWS\SYSTEM32\IPHLPAPI.DLL
0x00007fff01ff0000 - 0x00007fff01ff8000 	C:\WINDOWS\System32\NSI.dll
0x00007ffef98c0000 - 0x00007ffef98ca000 	C:\Windows\System32\rasadhlp.dll
0x00007ffef0a40000 - 0x00007ffef0a49000 	C:\Program Files\Java\jdk-22\bin\extnet.dll
0x00007ffef1dd0000 - 0x00007ffef1e50000 	C:\WINDOWS\System32\fwpuclnt.dll
0x00007ffef0290000 - 0x00007ffef029a000 	C:\Program Files\Java\jdk-22\bin\management.dll
0x00007ffeefc80000 - 0x00007ffeefc8b000 	C:\Program Files\Java\jdk-22\bin\management_ext.dll
0x00007fff02cd0000 - 0x00007fff02cd8000 	C:\WINDOWS\System32\PSAPI.DLL
0x00007fff00770000 - 0x00007fff00788000 	C:\WINDOWS\SYSTEM32\CRYPTSP.dll
0x00007ffeffe50000 - 0x00007ffeffe88000 	C:\WINDOWS\system32\rsaenh.dll
0x00007fff00d20000 - 0x00007fff00d4e000 	C:\WINDOWS\SYSTEM32\USERENV.dll
0x00007fff006a0000 - 0x00007fff006ac000 	C:\WINDOWS\SYSTEM32\CRYPTBASE.dll
0x00007ffee7b90000 - 0x00007ffee7ba7000 	C:\WINDOWS\system32\napinsp.dll
0x00007ffee75b0000 - 0x00007ffee75cb000 	C:\WINDOWS\system32\pnrpnsp.dll
0x00007ffefd820000 - 0x00007ffefd83d000 	C:\WINDOWS\system32\wshbth.dll
0x00007ffefd390000 - 0x00007ffefd3ad000 	C:\WINDOWS\system32\NLAapi.dll
0x00007ffee7590000 - 0x00007ffee75a2000 	C:\WINDOWS\System32\winrnr.dll
0x00007ffeeb890000 - 0x00007ffeeb8e1000 	C:\WINDOWS\SYSTEM32\pdh.dll
0x00007ffefd5d0000 - 0x00007ffefd5df000 	C:\WINDOWS\System32\perfproc.dll
0x00007ffee6f80000 - 0x00007ffee6f8f000 	C:\WINDOWS\System32\perfos.dll
0x00007ffeeed20000 - 0x00007ffeeed2b000 	C:\Program Files\Java\jdk-22\bin\le.dll

dbghelp: loaded successfully - version: 4.0.5 - missing functions: none
symbol engine: initialized successfully - sym options: 0x614 - pdb path: .;C:\Program Files\Java\jdk-22\bin;C:\WINDOWS\SYSTEM32;C:\WINDOWS\WinSxS\amd64_microsoft.windows.common-controls_6595b64144ccf1df_6.0.19041.6456_none_60b8a6cb71f64256;C:\Program Files\Java\jdk-22\bin\server

VM Arguments:
jvm_args: -XX:TieredStopAtLevel=1 -Dspring.output.ansi.enabled=always -Dcom.sun.management.jmxremote -Dspring.jmx.enabled=true -Dspring.liveBeansView.mbeanDomain -Dspring.application.admin.enabled=true -Dmanagement.endpoints.jmx.exposure.include=* -javaagent:F:\IntellijU\IntelliJ IDEA 2025.1.3\lib\idea_rt.jar=50896 -Dfile.encoding=UTF-8 -Dsun.stdout.encoding=UTF-8 -Dsun.stderr.encoding=UTF-8 
java_command: com.onesolutions.dsd.DsdApplication
java_class_path (initial): F:\Client contracts\Backend_spring\target\classes;C:\Users\rites\.m2\repository\org\springframework\boot\spring-boot-starter-webmvc\4.0.3\spring-boot-starter-webmvc-4.0.3.jar;C:\Users\rites\.m2\repository\org\springframework\boot\spring-boot-starter\4.0.3\spring-boot-starter-4.0.3.jar;C:\Users\rites\.m2\repository\org\springframework\boot\spring-boot-starter-logging\4.0.3\spring-boot-starter-logging-4.0.3.jar;C:\Users\rites\.m2\repository\ch\qos\logback\logback-classic\1.5.32\logback-classic-1.5.32.jar;C:\Users\rites\.m2\repository\ch\qos\logback\logback-core\1.5.32\logback-core-1.5.32.jar;C:\Users\rites\.m2\repository\org\apache\logging\log4j\log4j-to-slf4j\2.25.3\log4j-to-slf4j-2.25.3.jar;C:\Users\rites\.m2\repository\org\apache\logging\log4j\log4j-api\2.25.3\log4j-api-2.25.3.jar;C:\Users\rites\.m2\repository\org\slf4j\jul-to-slf4j\2.0.17\jul-to-slf4j-2.0.17.jar;C:\Users\rites\.m2\repository\jakarta\annotation\jakarta.annotation-api\3.0.0\jakarta.annotation-api-3.0.0.jar;C:\Users\rites\.m2\repository\org\yaml\snakeyaml\2.5\snakeyaml-2.5.jar;C:\Users\rites\.m2\repository\org\springframework\boot\spring-boot-starter-jackson\4.0.3\spring-boot-starter-jackson-4.0.3.jar;C:\Users\rites\.m2\repository\org\springframework\boot\spring-boot-jackson\4.0.3\spring-boot-jackson-4.0.3.jar;C:\Users\rites\.m2\repository\tools\jackson\core\jackson-databind\3.0.4\jackson-databind-3.0.4.jar;C:\Users\rites\.m2\repository\tools\jackson\core\jackson-core\3.0.4\jackson-core-3.0.4.jar;C:\Users\rites\.m2\repository\org\springframework\boot\spring-boot-starter-tomcat\4.0.3\spring-boot-starter-tomcat-4.0.3.jar;C:\Users\rites\.m2\repository\org\springframework\boot\spring-boot-starter-tomcat-runtime\4.0.3\spring-boot-starter-tomcat-runtime-4.0.3.jar;C:\Users\rites\.m2\repository\org\apache\tomcat\embed\tomcat-embed-core\11.0.18\tomcat-embed-core-11.0.18.jar;C:\Users\rites\.m2\repository\org\apache\tomcat\embed\tomcat-embed-websocket\11.0.18\tomcat-embed-websocket-11.0.18.jar;C:\Users\rites\.m2\repository\org\springframework\boot\spring-boot-tomcat\4.0.3\spring-boot-tomcat-4.0.3.jar;C:\Users\rites\.m2\repository\org\springframework\boot\spring-boot-http-converter\4.0.3\spring-boot-http-converter-4.0.3.jar;C:\Users\rites\.m2\repository\org\springframework\spring-web\7.0.5\spring-web-7.0.5.jar;C:\Users\rites\.m2\repository\io\micrometer\micrometer-observation\1.16.3\micrometer-observation-1.16.3.jar;C:\Users\rites\.m2\repository\io\micrometer\micrometer-commons\1.16.3\micrometer-commons-1.16.3.jar;C:\Users\rites\.m2\repository\org\springframework\boot\spring-boot-webmvc\4.0.3\spring-boot-webmvc-4.0.3.jar;C:\Users\rites\.m2\repository\org\springframework\boot\spring-boot-servlet\4.0.3\spring-boot-servlet-4.0.3.jar;C:\Users\rites\.m2\repository\org\springframework\spring-webmvc\7.0.5\spring-webmvc-7.0.5.jar;C:\Users\rites\.m2\repository\org\springframework\spring-expression\7.0.5\spring-expression-7.0.5.jar;C:\Users\rites\.m2\repository\com\fasterxml\jackson\core\jackson-databind\2.20.2\jackson-databind-2.20.2.jar;C:\Users\rites\.m2\repository\com\fasterxml\jackson\core\jackson-annotations\2.20\jackson-annotations-2.20.jar;C:\Users\rites\.m2\repository\com\fasterxml\jackson\core\jackson-core\2.20.2\jackson-core-2.20.2.jar;C:\Users\rites\.m2\repository\org\springframework\boot\spring-boot-starter-security\4.0.3\spring-boot-starter-security-4.0.3.jar;C:\Users\rites\.m2\repository\org\springframework\boot\spring-boot-security\4.0.3\spring-boot-security-4.0.3.jar;C:\Users\rites\.m2\repository\org\springframework\security\spring-security-config\7.0.3\spring-security-config-7.0.3.jar;C:\Users\rites\.m2\repository\org\springframework\security\spring-security-core\7.0.3\spring-security-core-7.0.3.jar;C:\Users\rites\.m2\repository\org\springframework\security\spring-security-crypto\7.0.3\spring-security-crypto-7.0.3.jar;C:\Users\rites\.m2\repository\org\springframework\security\spring-security-web\7.0.3\spring-security-web-7.0.3.jar;C:\Users\rites\.m2\repository\org\springframework\spring-aop\7.0.5\spring-aop-7.0.5.jar;C:\Users\rites\.m2\repository\org\springframework\spring-beans\7.0.5\spring-beans-7.0.5.jar;C:\Users\rites\.m2\repository\org\springframework\spring-core\7.0.5\spring-core-7.0.5.jar;C:\Users\rites\.m2\repository\commons-logging\commons-logging\1.3.5\commons-logging-1.3.5.jar;C:\Users\rites\.m2\repository\org\jspecify\jspecify\1.0.0\jspecify-1.0.0.jar;C:\Users\rites\.m2\repository\io\jsonwebtoken\jjwt-api\0.11.5\jjwt-api-0.11.5.jar;C:\Users\rites\.m2\repository\io\jsonwebtoken\jjwt-impl\0.11.5\jjwt-impl-0.11.5.jar;C:\Users\rites\.m2\repository\software\amazon\awssdk\s3\2.31.78\s3-2.31.78.jar;C:\Users\rites\.m2\repository\software\amazon\awssdk\aws-xml-protocol\2.31.78\aws-xml-protocol-2.31.78.jar;C:\Users\rites\.m2\repository\software\amazon\awssdk\aws-query-protocol\2.31.78\aws-query-protocol-2.31.78.jar;C:\Users\rites\.m2\repository\software\amazon\awssdk\protocol-core\2.31.78\protocol-core-2.31.78.jar;C:\Users\rites\.m2\repository\software\amazon\awssdk\arns\2.31.78\arns-2.31.78.jar;C:\Users\rites\.m2\repository\software\amazon\awssdk\profiles\2.31.78\profiles-2.31.78.jar;C:\Users\rites\.m2\repository\software\amazon\awssdk\crt-core\2.31.78\crt-core-2.31.78.jar;C:\Users\rites\.m2\repository\software\amazon\awssdk\http-auth\2.31.78\http-auth-2.31.78.jar;C:\Users\rites\.m2\repository\software\amazon\awssdk\identity-spi\2.31.78\identity-spi-2.31.78.jar;C:\Users\rites\.m2\repository\software\amazon\awssdk\http-auth-spi\2.31.78\http-auth-spi-2.31.78.jar;C:\Users\rites\.m2\repository\org\reactivestreams\reactive-streams\1.0.4\reactive-streams-1.0.4.jar;C:\Users\rites\.m2\repository\software\amazon\awssdk\http-auth-aws\2.31.78\http-auth-aws-2.31.78.jar;C:\Users\rites\.m2\repository\software\amazon\awssdk\checksums\2.31.78\checksums-2.31.78.jar;C:\Users\rites\.m2\repository\software\amazon\awssdk\checksums-spi\2.31.78\checksums-spi-2.31.78.jar;C:\Users\rites\.m2\repository\software\amazon\awssdk\retries-spi\2.31.78\retries-spi-2.31.78.jar;C:\Users\rites\.m2\repository\software\amazon\awssdk\sdk-core\2.31.78\sdk-core-2.31.78.jar;C:\Users\rites\.m2\repository\software\amazon\awssdk\retries\2.31.78\retries-2.31.78.jar;C:\Users\rites\.m2\repository\software\amazon\awssdk\auth\2.31.78\auth-2.31.78.jar;C:\Users\rites\.m2\repository\software\amazon\awssdk\http-auth-aws-eventstream\2.31.78\http-auth-aws-eventstream-2.31.78.jar;C:\Users\rites\.m2\repository\software\amazon\eventstream\eventstream\1.0.1\eventstream-1.0.1.jar;C:\Users\rites\.m2\repository\software\amazon\awssdk\http-client-spi\2.31.78\http-client-spi-2.31.78.jar;C:\Users\rites\.m2\repository\software\amazon\awssdk\regions\2.31.78\regions-2.31.78.jar;C:\Users\rites\.m2\repository\software\amazon\awssdk\annotations\2.31.78\annotations-2.31.78.jar;C:\Users\rites\.m2\repository\software\amazon\awssdk\utils\2.31.78\utils-2.31.78.jar;C:\Users\rites\.m2\repository\software\amazon\awssdk\aws-core\2.31.78\aws-core-2.31.78.jar;C:\Users\rites\.m2\repository\software\amazon\awssdk\metrics-spi\2.31.78\metrics-spi-2.31.78.jar;C:\Users\rites\.m2\repository\software\amazon\awssdk\json-utils\2.31.78\json-utils-2.31.78.jar;C:\Users\rites\.m2\repository\software\amazon\awssdk\third-party-jackson-core\2.31.78\third-party-jackson-core-2.31.78.jar;C:\Users\rites\.m2\repository\software\amazon\awssdk\endpoints-spi\2.31.78\endpoints-spi-2.31.78.jar;C:\Users\rites\.m2\repository\software\amazon\awssdk\apache-client\2.31.78\apache-client-2.31.78.jar;C:\Users\rites\.m2\repository\org\apache\httpcomponents\httpclient\4.5.13\httpclient-4.5.13.jar;C:\Users\rites\.m2\repository\org\apache\httpcomponents\httpcore\4.4.16\httpcore-4.4.16.jar;C:\Users\rites\.m2\repository\commons-codec\commons-codec\1.19.0\commons-codec-1.19.0.jar;C:\Users\rites\.m2\repository\software\amazon\awssdk\netty-nio-client\2.31.78\netty-nio-client-2.31.78.jar;C:\Users\rites\.m2\repository\io\netty\netty-codec-http\4.2.10.Final\netty-codec-http-4.2.10.Final.jar;C:\Users\rites\.m2\repository\io\netty\netty-codec-base\4.2.10.Final\netty-codec-base-4.2.10.Final.jar;C:\Users\rites\.m2\repository\io\netty\netty-codec-compression\4.2.10.Final\netty-codec-compression-4.2.10.Final.jar;C:\Users\rites\.m2\repository\io\netty\netty-codec-http2\4.2.10.Final\netty-codec-http2-4.2.10.Final.jar;C:\Users\rites\.m2\repository\io\netty\netty-codec\4.2.10.Final\netty-codec-4.2.10.Final.jar;C:\Users\rites\.m2\repository\io\netty\netty-codec-protobuf\4.2.10.Final\netty-codec-protobuf-4.2.10.Final.jar;C:\Users\rites\.m2\repository\io\netty\netty-codec-marshalling\4.2.10.Final\netty-codec-marshalling-4.2.10.Final.jar;C:\Users\rites\.m2\repository\io\netty\netty-transport\4.2.10.Final\netty-transport-4.2.10.Final.jar;C:\Users\rites\.m2\repository\io\netty\netty-common\4.2.10.Final\netty-common-4.2.10.Final.jar;C:\Users\rites\.m2\repository\io\netty\netty-buffer\4.2.10.Final\netty-buffer-4.2.10.Final.jar;C:\Users\rites\.m2\repository\io\netty\netty-handler\4.2.10.Final\netty-handler-4.2.10.Final.jar;C:\Users\rites\.m2\repository\io\netty\netty-transport-native-unix-common\4.2.10.Final\netty-transport-native-unix-common-4.2.10.Final.jar;C:\Users\rites\.m2\repository\io\netty\netty-transport-classes-epoll\4.2.10.Final\netty-transport-classes-epoll-4.2.10.Final.jar;C:\Users\rites\.m2\repository\io\netty\netty-resolver\4.2.10.Final\netty-resolver-4.2.10.Final.jar;C:\Users\rites\.m2\repository\io\jsonwebtoken\jjwt-jackson\0.11.5\jjwt-jackson-0.11.5.jar;C:\Users\rites\.m2\repository\org\springframework\boot\spring-boot-starter-validation\4.0.3\spring-boot-starter-validation-4.0.3.jar;C:\Users\rites\.m2\repository\org\springframework\boot\spring-boot-validation\4.0.3\spring-boot-validation-4.0.3.jar;C:\Users\rites\.m2\repository\org\apache\tomcat\embed\tomcat-embed-el\11.0.18\tomcat-embed-el-11.0.18.jar;C:\Users\rites\.m2\repository\org\hibernate\validator\hibernate-validator\9.0.1.Final\hibernate-validator-9.0.1.Final.jar;C:\Users\rites\.m2\repository\jakarta\validation\jakarta.validation-api\3.1.1\jakarta.validation-api-3.1.1.jar;C:\Users\rites\.m2\repository\org\springframework\boot\spring-boot-starter-data-jpa\4.0.3\spring-boot-starter-data-jpa-4.0.3.jar;C:\Users\rites\.m2\repository\org\springframework\boot\spring-boot-starter-jdbc\4.0.3\spring-boot-starter-jdbc-4.0.3.jar;C:\Users\rites\.m2\repository\com\zaxxer\HikariCP\7.0.2\HikariCP-7.0.2.jar;C:\Users\rites\.m2\repository\org\springframework\boot\spring-boot-data-jpa\4.0.3\spring-boot-data-jpa-4.0.3.jar;C:\Users\rites\.m2\repository\org\springframework\boot\spring-boot-data-commons\4.0.3\spring-boot-data-commons-4.0.3.jar;C:\Users\rites\.m2\repository\org\springframework\boot\spring-boot-persistence\4.0.3\spring-boot-persistence-4.0.3.jar;C:\Users\rites\.m2\repository\org\springframework\data\spring-data-commons\4.0.3\spring-data-commons-4.0.3.jar;C:\Users\rites\.m2\repository\org\springframework\boot\spring-boot-hibernate\4.0.3\spring-boot-hibernate-4.0.3.jar;C:\Users\rites\.m2\repository\org\springframework\boot\spring-boot-jpa\4.0.3\spring-boot-jpa-4.0.3.jar;C:\Users\rites\.m2\repository\org\springframework\spring-orm\7.0.5\spring-orm-7.0.5.jar;C:\Users\rites\.m2\repository\org\springframework\data\spring-data-jpa\4.0.3\spring-data-jpa-4.0.3.jar;C:\Users\rites\.m2\repository\org\springframework\spring-tx\7.0.5\spring-tx-7.0.5.jar;C:\Users\rites\.m2\repository\org\springframework\spring-aspects\7.0.5\spring-aspects-7.0.5.jar;C:\Users\rites\.m2\repository\org\aspectj\aspectjweaver\1.9.25.1\aspectjweaver-1.9.25.1.jar;C:\Users\rites\.m2\repository\org\springframework\boot\spring-boot-jdbc\4.0.3\spring-boot-jdbc-4.0.3.jar;C:\Users\rites\.m2\repository\org\springframework\boot\spring-boot-sql\4.0.3\spring-boot-sql-4.0.3.jar;C:\Users\rites\.m2\repository\org\springframework\boot\spring-boot-transaction\4.0.3\spring-boot-transaction-4.0.3.jar;C:\Users\rites\.m2\repository\org\springframework\spring-jdbc\7.0.5\spring-jdbc-7.0.5.jar;C:\Users\rites\.m2\repository\org\hibernate\orm\hibernate-core\7.2.4.Final\hibernate-core-7.2.4.Final.jar;C:\Users\rites\.m2\repository\jakarta\persistence\jakarta.persistence-api\3.2.0\jakarta.persistence-api-3.2.0.jar;C:\Users\rites\.m2\repository\jakarta\transaction\jakarta.transaction-api\2.0.1\jakarta.transaction-api-2.0.1.jar;C:\Users\rites\.m2\repository\org\jboss\logging\jboss-logging\3.6.2.Final\jboss-logging-3.6.2.Final.jar;C:\Users\rites\.m2\repository\org\hibernate\models\hibernate-models\1.0.1\hibernate-models-1.0.1.jar;C:\Users\rites\.m2\repository\com\fasterxml\classmate\1.7.3\classmate-1.7.3.jar;C:\Users\rites\.m2\repository\net\bytebuddy\byte-buddy\1.17.8\byte-buddy-1.17.8.jar;C:\Users\rites\.m2\repository\jakarta\xml\bind\jakarta.xml.bind-api\4.0.4\jakarta.xml.bind-api-4.0.4.jar;C:\Users\rites\.m2\repository\jakarta\activation\jakarta.activation-api\2.1.4\jakarta.activation-api-2.1.4.jar;C:\Users\rites\.m2\repository\org\glassfish\jaxb\jaxb-runtime\4.0.6\jaxb-runtime-4.0.6.jar;C:\Users\rites\.m2\repository\org\glassfish\jaxb\jaxb-core\4.0.6\jaxb-core-4.0.6.jar;C:\Users\rites\.m2\repository\org\eclipse\angus\angus-activation\2.0.3\angus-activation-2.0.3.jar;C:\Users\rites\.m2\repository\org\glassfish\jaxb\txw2\4.0.6\txw2-4.0.6.jar;C:\Users\rites\.m2\repository\com\sun\istack\istack-commons-runtime\4.1.2\istack-commons-runtime-4.1.2.jar;C:\Users\rites\.m2\repository\jakarta\inject\jakarta.inject-api\2.0.1\jakarta.inject-api-2.0.1.jar;C:\Users\rites\.m2\repository\org\antlr\antlr4-runtime\4.13.2\antlr4-runtime-4.13.2.jar;C:\Users\rites\.m2\repository\org\springframework\boot\spring-boot-devtools\4.0.3\spring-boot-devtools-4.0.3.jar;C:\Users\rites\.m2\repository\org\springframework\boot\spring-boot\4.0.3\spring-boot-4.0.3.jar;C:\Users\rites\.m2\repository\org\springframework\spring-context\7.0.5\spring-context-7.0.5.jar;C:\Users\rites\.m2\repository\org\springframework\boot\spring-boot-autoconfigure\4.0.3\spring-boot-autoconfigure-4.0.3.jar;C:\Users\rites\.m2\repository\org\springframework\boot\spring-boot-starter-mail\4.0.3\spring-boot-starter-mail-4.0.3.jar;C:\Users\rites\.m2\repository\org\springframework\boot\spring-boot-mail\4.0.3\spring-boot-mail-4.0.3.jar;C:\Users\rites\.m2\repository\org\springframework\spring-context-support\7.0.5\spring-context-support-7.0.5.jar;C:\Users\rites\.m2\repository\jakarta\mail\jakarta.mail-api\2.1.5\jakarta.mail-api-2.1.5.jar;C:\Users\rites\.m2\repository\org\eclipse\angus\angus-mail\2.0.5\angus-mail-2.0.5.jar;C:\Users\rites\.m2\repository\org\springframework\boot\spring-boot-starter-thymeleaf\4.0.3\spring-boot-starter-thymeleaf-4.0.3.jar;C:\Users\rites\.m2\repository\org\springframework\boot\spring-boot-thymeleaf\4.0.3\spring-boot-thymeleaf-4.0.3.jar;C:\Users\rites\.m2\repository\org\thymeleaf\thymeleaf-spring6\3.1.3.RELEASE\thymeleaf-spring6-3.1.3.RELEASE.jar;C:\Users\rites\.m2\repository\org\thymeleaf\thymeleaf\3.1.3.RELEASE\thymeleaf-3.1.3.RELEASE.jar;C:\Users\rites\.m2\repository\ognl\ognl\3.3.4\ognl-3.3.4.jar;C:\Users\rites\.m2\repository\org\javassist\javassist\3.29.0-GA\javassist-3.29.0-GA.jar;C:\Users\rites\.m2\repository\org\attoparser\attoparser\2.0.7.RELEASE\attoparser-2.0.7.RELEASE.jar;C:\Users\rites\.m2\repository\org\unbescape\unbescape\1.1.6.RELEASE\unbescape-1.1.6.RELEASE.jar;C:\Users\rites\.m2\repository\org\slf4j\slf4j-api\2.0.17\slf4j-api-2.0.17.jar;C:\Users\rites\.m2\repository\com\mysql\mysql-connector-j\9.6.0\mysql-connector-j-9.6.0.jar;C:\Users\rites\.m2\repository\org\springframework\boot\spring-boot-web-server\4.0.3\spring-boot-web-server-4.0.3.jar;C:\Users\rites\.m2\repository\org\projectlombok\lombok\1.18.42\lombok-1.18.42.jar
Launcher Type: SUN_STANDARD

[Global flags]
     intx CICompilerCount                          = 3                                         {product} {ergonomic}
     uint ConcGCThreads                            = 1                                         {product} {ergonomic}
     uint G1ConcRefinementThreads                  = 4                                         {product} {ergonomic}
   size_t G1HeapRegionSize                         = 1048576                                   {product} {ergonomic}
   size_t InitialHeapSize                          = 134217728                                 {product} {ergonomic}
     bool ManagementServer                         = true                                      {product} {command line}
   size_t MarkStackSize                            = 4194304                                   {product} {ergonomic}
   size_t MaxHeapSize                              = 2122317824                                {product} {ergonomic}
   size_t MaxNewSize                               = 1272971264                                {product} {ergonomic}
   size_t MinHeapDeltaBytes                        = 1048576                                   {product} {ergonomic}
   size_t MinHeapSize                              = 8388608                                   {product} {ergonomic}
    uintx NonNMethodCodeHeapSize                   = 4096                                   {pd product} {ergonomic}
    uintx NonProfiledCodeHeapSize                  = 0                                      {pd product} {ergonomic}
     bool ProfileInterpreter                       = false                                  {pd product} {command line}
    uintx ProfiledCodeHeapSize                     = 0                                      {pd product} {ergonomic}
   size_t SoftMaxHeapSize                          = 2122317824                             {manageable} {ergonomic}
     intx TieredStopAtLevel                        = 1                                         {product} {command line}
     bool UseCompressedOops                        = true                           {product lp64_product} {ergonomic}
     bool UseG1GC                                  = true                                      {product} {ergonomic}
     bool UseLargePagesIndividualAllocation        = false                                  {pd product} {ergonomic}

Logging:
Log output configuration:
 #0: stdout all=warning uptime,level,tags foldmultilines=false
 #1: stderr all=off uptime,level,tags foldmultilines=false

Environment Variables:
PATH=f:\cursor\resources\app\bin;C:\Program Files\Common Files\Oracle\Java\javapath;C:\WINDOWS\system32;C:\WINDOWS;C:\WINDOWS\System32\Wbem;C:\WINDOWS\System32\WindowsPowerShell\v1.0\;C:\WINDOWS\System32\OpenSSH\;C:\ProgramData\chocolatey\bin;C:\Program Files\Git\cmd;C:\Program Files\MySQL\MySQL Server 8.0\bin;C:\Program Files\MongoDB\Server\8.0\bin;C:\Program Files\nodejs\;F:\Conda;F:\Conda\Library\mingw-w64\bin;F:\Conda\Library\usr\bin;F:\Conda\Library\bin;F:\Conda\Scripts;C:\Users\rites\AppData\Local\Programs\Python\Python313\Scripts\;C:\Users\rites\AppData\Local\Programs\Python\Python313\;C:\Program Files\MySQL\MySQL Shell 8.0\bin\;C:\Users\rites\AppData\Local\Microsoft\WindowsApps;C:\msys64\ucrt64\bin;C:\Program Files\MySQL\MySQL Server 8.0\bin;C:\Program Files\JetBrains\PyCharm Community Edition 2024.3.4\bin;F:\IntellijU\IntelliJ IDEA 2025.1.3\bin;C:\Users\rites\AppData\Roaming\npm;f:\cursor\resources\app\bin;C:\Program Files\MongoDB\Tools\100\bin;C:\Users\rites\AppData\Local\Programs\Python\Python313\Scripts\;C:\Users\rites\AppData\Local\Programs\Python\Python313\;C:\Program Files\MySQL\MySQL Shell 8.0\bin\;C:\Users\rites\AppData\Local\Microsoft\WindowsApps;C:\Users\rites\AppData\Local\Programs\Microsoft VS Code\bin;C:\msys64\ucrt64\bin;C:\Program Files\MySQL\MySQL Server 8.0\bin;C:\Program Files\JetBrains\PyCharm Community Edition 2024.3.4\bin;;F:\IntellijU\IntelliJ IDEA 2025.1.3\bin;;C:\Users\rites\AppData\Roaming\npm
USERNAME=rites
OS=Windows_NT
PROCESSOR_IDENTIFIER=Intel64 Family 6 Model 61 Stepping 4, GenuineIntel
TMP=C:\Users\rites\AppData\Local\Temp
TEMP=C:\Users\rites\AppData\Local\Temp




Periodic native trim disabled

---------------  S Y S T E M  ---------------

OS:
 Windows 10 , 64 bit Build 19041 (10.0.19041.5915)
OS uptime: 0 days 2:04 hours
Hyper-V role detected

CPU: total 4 (initial active 4) (2 cores per cpu, 2 threads per core) family 6 model 61 stepping 4 microcode 0x2d, cx8, cmov, fxsr, ht, mmx, 3dnowpref, sse, sse2, sse3, ssse3, sse4.1, sse4.2, popcnt, lzcnt, tsc, tscinvbit, avx, avx2, aes, erms, clmul, bmi1, bmi2, adx, fma, vzeroupper, clflush, hv, rdtscp, f16c
Processor Information for all 4 processors :
  Max Mhz: 2195, Current Mhz: 2195, Mhz Limit: 2195

Memory: 4k page, system-wide physical 8088M (229M free)
TotalPageFile size 12184M (AvailPageFile size 0M)
current process WorkingSet (physical memory assigned to process): 129M, peak: 129M
current process commit charge ("private bytes"): 245M, peak: 245M

vm_info: Java HotSpot(TM) 64-Bit Server VM (22.0.2+9-70) for windows-amd64 JRE (22.0.2+9-70), built on 2024-06-04T16:52:23Z by "mach5one" with MS VC++ 17.6 (VS2022)

END.
